"chiave";"descrizione";"valore";"unita";"approssimazione";"anno";"pagina_pdf";"testo_fonte";"note"
"quota_superfici_italiane_sughereta_pct";"Quota delle superfici italiane a sughereta ospitate in Sardegna";"90";"%";"circa";;"16";"L'isola ospita circa il 90% delle superfici italiane a sughereta e costituisce uno dei principali territori europei per la produzione e la trasformazione del sughero";"Anno e fonte statistica non indicati nel documento."
"quota_produzione_mondiale_pct";"Quota della Sardegna sulla produzione mondiale di sughero";;"%";;;;;"Dato non presente nella Parte 2; il testo si limita a definire la Sardegna 'uno dei principali territori europei per estensione delle sugherete e qualità della produzione' (pag. 15)."
"superficie_sugherete_30_comuni_ha";"Superficie a sughereta complessiva dei 30 comuni prioritari (Sughereta Sardegna), da elaborazione GIS";"83790.9";"ha";;;"27";"tali territori comprendono 83.790,90 ettari di sugherete e costituiscono il nucleo principale della cosiddetta Sughereta Sardegna";"A pag. 20 lo stesso dato è arrotondato a 'circa 83.800 ettari'. Fonti cartografiche: PFAR, SITR, CTR, Carta Uso del Suolo, Corine Land Cover, DTM, cartografia pedologica regionale (pagg. 19-20); anno dei dati non indicato."
"superficie_sugherete_30_comuni_ha_arrotondata";"Stesso dato, versione arrotondata citata nella metodologia";"83800";"ha";"circa";;"20";"Complessivamente, l'analisi ha interessato circa 83.800 ettari di sugherete";
"superficie_sugherete_regionale_totale_ha";"Superficie a sughereta dell'intera Sardegna";;"ha";;;;;"Non riportata nella Parte 2: l'analisi è stata condotta sull'intero territorio regionale (pag. 20) ma il documento quantifica solo i 30 comuni prioritari."
"n_comuni_prioritari";"Comuni con la maggiore estensione di sugherete selezionati come ambiti prioritari (Sughereta Sardegna)";"30";"comuni";;;"20";"sono stati selezionati i trenta comuni caratterizzati dalla maggiore disponibilità della risorsa, successivamente assunti quali ambiti prioritari di approfondimento";
"comuni_maggiore_estensione_sughereta";"Comuni con le maggiori superfici a sughereta citati nel testo (pag. 27)";"[{""comune"":""Bitti"",""slug"":""bitti"",""superficie_ha"":5801.29},{""comune"":""Berchidda"",""slug"":""berchidda"",""superficie_ha"":5480},{""comune"":""Oschiri"",""slug"":""oschiri"",""superficie_ha"":5434.73},{""comune"":""Buddusò"",""slug"":""budduso"",""superficie_ha"":5185.05},{""comune"":""Nuoro"",""slug"":""nuoro"",""superficie_ha"":4413.55},{""comune"":""Orune"",""slug"":""orune"",""superficie_ha"":4201.12},{""comune"":""Alà dei Sardi"",""slug"":""ala-dei-sardi"",""superficie_ha"":4132.02}]";"ha";;;"27";;"Seguono Villanova Monteleone, Ozieri, Orani, Tempio Pausania e Telti, 'tutti caratterizzati da superfici superiori ai 2.800 ettari' (pag. 27); i valori puntuali di questi ultimi sono nell'Allegato I."
"comprensori_principali";"Comprensori storici di concentrazione della risorsa";"[""Gallura"",""Monte Acuto"",""Nuorese"",""Goceano"",""Marghine"",""Logudoro"",""Sulcis-Iglesiente""]";;;;"27";"Le maggiori superfici si localizzano prevalentemente nei territori della Gallura, del Monte Acuto, del Nuorese, del Goceano, del Marghine e del Logudoro, ai quali si affiancano nuclei significativi nel Sulcis-Iglesiente";
"distretto_industriale";"Ruolo dell'Alta Gallura / Gallura nella filiera industriale";"{""territorio"":""Alta Gallura"",""ruolo"":""principale distretto industriale del sughero e naturale riferimento per ricerca applicata, sperimentazione e trasferimento tecnologico"",""origine_storica"":""dal XVIII secolo, con l'espansione del commercio vinicolo europeo e la domanda di tappi naturali"",""posizionamento_nazionale"":""principale distretto italiano della lavorazione del sughero""}";;;;"[15,16]";;"Il documento cita anche il 'Distretto del Sughero' come oggetto dell'analisi di filiera (pag. 21) senza fornirne dati quantitativi. I comuni di Calangianus e Tempio Pausania non sono nominati in questa sezione; Tempio Pausania compare tra i comuni con oltre 2.800 ha (pag. 27) e Calangianus nelle analisi IPI/ICR (pagg. 28-29)."
"n_imprese_filiera";"Numero di imprese della filiera del sughero in Sardegna";;"imprese";;;;;"Dato non presente nella Parte 2 (la ricerca di mercato sulle aziende agroforestali è citata nella Premessa, pag. 11, ma i risultati non sono in questo documento)."
"n_addetti_filiera";"Addetti della filiera del sughero in Sardegna";;"addetti";;;;;"Dato non presente nella Parte 2."
"produzione_annua_sughero";"Produzione annua di sughero grezzo in Sardegna";;;;;;;"Dato non presente nella Parte 2."
"export_sughero";"Valore o volume delle esportazioni di sughero/prodotti in sughero dalla Sardegna";;;;;;;"Dato non presente nella Parte 2."
"specie";"Specie forestale di riferimento";"Quercus suber L., 1753 (quercia da sughero)";;;;"16";;
"proprieta_sughero";"Proprietà fisiche e meccaniche del sughero citate";"[""leggerezza"",""elasticità"",""impermeabilità"",""resistenza alla compressione"",""isolamento termo-acustico"",""completa riciclabilità"",""raccolta senza compromettere la vitalità della pianta""]";;;;"17";;
"settori_applicazione_citati";"Settori di impiego del sughero oltre i tappi, citati nel contesto";"[""edilizia sostenibile"",""materiali compositi"",""automotive"",""aerospazio"",""design"",""packaging"",""biomateriali"",""tecnologie ambientali""]";;;;"17";;
"servizi_ecosistemici_sughereta";"Funzioni ecosistemiche della sughereta citate";"[""conservazione della biodiversità mediterranea"",""protezione del suolo dall'erosione"",""regolazione del ciclo idrologico"",""sequestro del carbonio"",""mitigazione dei cambiamenti climatici"",""resistenza agli incendi grazie alla corteccia suberosa"",""pascolo e prodotti del sottobosco nei sistemi agro-silvo-pastorali""]";;;;"16";;
"stato_filiera_regionale";"Valutazione qualitativa dello stato della filiera regionale rispetto all'innovazione";"La filiera sughericola della Sardegna risulta ancora prevalentemente orientata agli impieghi tradizionali, mentre il trasferimento delle innovazioni verso il sistema produttivo regionale procede con intensità differenti nei vari contesti territoriali.";;;;"17";;