"id";"strumento";"nome_completo";"tipo";"cosa_certifica";"rilevanza_filiera";"in_tabella_2";"note";"pagina_pdf"
"1";"FSC";"Forest Stewardship Council – certificazione di gestione forestale e catena di custodia";"certificazione forestale";"Gestione forestale sostenibile";"Conservazione della biodiversità, tracciabilità e accesso ai mercati";"true";"Il documento cita 'il recente aggiornamento dello standard italiano FSC per la gestione forestale' (pag. 22); la Figura 1 indica 'FSC (incluso FSC-STD-ITA-02-2024)' (pag. 26).";"[22,26,34,39,41]"
"2";"PEFC";"Programme for the Endorsement of Forest Certification – gestione forestale sostenibile";"certificazione forestale";"Gestione forestale sostenibile";"Valorizzazione delle produzioni forestali e gestione di gruppo";"true";;"[34,39,41]"
"3";"PEFC Agroforestale";"PEFC Italia – Gestione Sostenibile dei Sistemi Agroforestali";"certificazione agroforestale";"Gestione sostenibile dei sistemi agroforestali";"Integrazione tra produzione forestale, pascolo e servizi ecosistemici";"true";"Definito 'particolarmente coerente con la natura multifunzionale delle sugherete mediterranee' (pag. 39) e 'recente' (pagg. 22, 45); lo studio ne ha approfondito applicabilità, opportunità e criticità nel contesto sardo (pag. 12).";"[12,22,39,41,45]"
"4";"ISO 9001";"ISO 9001 – Sistema di gestione della qualità";"sistema di gestione aziendale";"Sistema di gestione della qualità";"Miglioramento dei processi aziendali";"true";;"[34,39,41]"
"5";"ISO 14001";"ISO 14001 – Sistema di gestione ambientale";"sistema di gestione ambientale";"Sistema di gestione ambientale";"Riduzione degli impatti ambientali";"true";;"[34,39,41]"
"6";"EMAS";"Eco-Management and Audit Scheme (UE)";"sistema di gestione ambientale";"Eccellenza ambientale";"Trasparenza e miglioramento continuo";"true";;"[34,39,41]"
"7";"BRCGS Packaging";"BRCGS Packaging Materials";"standard di prodotto / packaging";"Sicurezza e qualità del packaging";"Qualificazione dei processi produttivi";"true";"A pag. 41 citato come 'BRCGS Packaging Materials'.";"[34,41]"
"8";"IFS PACsecure";"IFS PACsecure – standard per la sicurezza degli imballaggi";"standard di prodotto / packaging";"Sicurezza degli imballaggi";"Affidabilità della filiera di trasformazione";"true";;"[34,41]"
"9";"SYSTECODE";"SYSTECODE – codice di buone pratiche e tracciabilità per i tappi di sughero";"tracciabilità di filiera / standard di settore";"Tracciabilità del sughero";"Garanzia di origine e controllo della filiera";"true";"'specificamente sviluppato per la filiera del sughero' (pag. 34).";"[34,41]"
"10";"Carbon Footprint (ISO 14067)";"Carbon Footprint di prodotto – ISO 14067";"strumento di valutazione ambientale";"Quantificazione delle emissioni climalteranti";"Valorizzazione del carbonio incorporato nei prodotti e supporto al Carbon Farming";"true";"Il carbon farming e i pagamenti per servizi ecosistemici (PES) sono citati a pag. 34 come strumenti innovativi di valorizzazione.";"[34,38,41]"
"11";"LCA - ISO 14040/44";"Life Cycle Assessment – ISO 14040/14044";"strumento di valutazione ambientale";"Valutazione del ciclo di vita";"Misurazione degli impatti ambientali e supporto all'eco-progettazione";"true";;"[34,38,41,46]"
"12";"Water Footprint";"Water Footprint";"strumento di valutazione ambientale";;"Indicatore ambientale citato insieme a Carbon Footprint e LCA per la competitività della filiera e come componente del sistema di supporto alle decisioni";"false";"Non in Tabella 2; citato a pagg. 34, 38, 41, 46.";"[34,38,41,46]"
"13";"Criteri ESG";"Environmental, Social and Governance";"quadro di rendicontazione della sostenibilità";;"Principale riferimento europeo per la valutazione della sostenibilità di imprese e filiere; le certificazioni sono strumenti di verifica e rendicontazione degli obiettivi ESG";"false";"Non in Tabella 2 (compare in Tabella 1 come direttrice 'ESG e certificazioni ambientali' con driver CSRD – Tassonomia UE – Strategia Forestale 2030); citato a pagg. 15, 34, 38, 41.";"[34,38,40,41]"
"14";"Certificazioni di prodotto (es. biologico)";;"certificazione di prodotto";;;"false";"Citate solo nella Figura 1 (pag. 26: 'Certificazioni di prodotto (es. biologico)') e genericamente a pag. 23; nessun dettaglio nel testo.";"[23,26]"