rank,comune,nome_corrente,slug,provincia,sugherete_ha,peso_pct_sughereta_sardegna,ivp,classe_ivp,ipi,classe_incendio,quota_medioalto_alto_pct,quota_medioalto_alto_ha,n_complessi,superficie_complesso_maggiore_ha,quota_complesso_maggiore_pct,superficie_media_complesso_ha,densita_frammentazione,classe_densita,classe_icr,profilo_ivp_x_incendio,profilo_integrato,combinazione,pagine_fonte
1,Bitti,Bitti,bitti,,5801.29,6.92,3.317,Alta,27.93,Medio,13.43,779.15,20,4314.34,74.37,290.06,0.34,Bassa,Media,Risorsa vocata con criticità localizzate,Area vocata e relativamente governabile,Alta x Medio x Media,52-55
2,Berchidda,Berchidda,berchidda,,5480.0,6.54,3.76,Alta,45.64,Alto,93.43,5120.19,12,5191.69,94.74,456.67,0.22,Bassa,Alta,Risorsa strategica vulnerabile,"Priorità alta: risorsa vocata, esposta e territorialmente governabile",Alta x Alto x Alta,55-58
3,Oschiri,Oschiri,oschiri,,5434.73,6.49,3.269,Alta,43.26,Medioalto,87.51,4755.88,38,3809.09,70.09,143.02,0.7,Media,Media,Risorsa strategica vulnerabile,"Priorità alta: risorsa vocata, esposta e territorialmente governabile",Alta x Medioalto x Media,58-61
4,Budduso',Buddusò,budduso,,5185.05,6.19,3.383,Alta,28.41,Medio,16.94,878.13,11,5030.57,97.02,471.37,0.21,Bassa,Alta,Risorsa vocata con criticità localizzate,Area vocata e relativamente governabile,Alta x Medio x Alta,61-64
5,Nuoro,Nuoro,nuoro,,4413.55,5.27,3.908,Alta,40.3,Medioalto,72.3,3191.18,34,1395.9,31.63,129.81,0.77,Media,Molto bassa,Risorsa strategica vulnerabile,"Priorità alta ma gestione complessa: risorsa vocata, esposta e frammentata",Alta x Medioalto x Molto bassa,64-67
6,Orune,Orune,orune,,4201.12,5.01,3.518,Alta,30.67,Medio,28.91,1214.47,24,2107.19,50.16,175.05,0.57,Media,Bassa,Risorsa vocata con criticità localizzate,"Area vocata, con gestione a mosaico",Alta x Medio x Bassa,67-70
7,Ala' Dei Sardi,Alà dei Sardi,ala-dei-sardi,,4132.02,4.93,3.558,Alta,25.02,Mediobasso,3.58,147.78,21,3877.3,93.84,196.76,0.51,Media,Alta,Risorsa vocata e relativamente meno esposta,Area vocata e relativamente governabile,Alta x Mediobasso x Alta,70-73
8,Villanova Monteleone,Villanova Monteleone,villanova-monteleone,,3664.58,4.37,2.988,Media,43.95,Medioalto,93.12,3412.62,66,1368.68,37.35,55.52,1.8,Alta,Molto bassa,Risorsa compatibile ma fragile,Risorsa compatibile ma fragile e frammentata,Media x Medioalto x Molto bassa,73-76
9,Ozieri,Ozieri,ozieri,,3513.27,4.19,3.344,Alta,41.78,Medioalto,83.57,2936.01,80,1205.26,34.31,43.92,2.28,Alta,Molto bassa,Risorsa strategica vulnerabile,"Priorità alta ma gestione complessa: risorsa vocata, esposta e frammentata",Alta x Medioalto x Molto bassa,76-79
10,Orani,Orani,orani,,3376.52,4.03,3.423,Alta,42.37,Medioalto,81.06,2736.93,24,1438.81,42.61,140.69,0.71,Media,Bassa,Risorsa strategica vulnerabile,"Priorità alta ma gestione complessa: risorsa vocata, esposta e frammentata",Alta x Medioalto x Bassa,79-82
11,Tempio Pausania,Tempio Pausania,tempio-pausania,,2945.38,3.52,3.751,Alta,43.12,Medioalto,90.07,2653.0,34,2175.85,73.87,86.63,1.15,Media,Media,Risorsa strategica vulnerabile,"Priorità alta: risorsa vocata, esposta e territorialmente governabile",Alta x Medioalto x Media,82-85
12,Telti,Telti,telti,,2826.09,3.37,3.881,Alta,43.34,Medioalto,92.57,2616.25,27,2585.26,91.48,104.67,0.96,Media,Alta,Risorsa strategica vulnerabile,"Priorità alta: risorsa vocata, esposta e territorialmente governabile",Alta x Medioalto x Alta,85-88
13,Calangianus,Calangianus,calangianus,,2422.54,2.89,3.421,Alta,45.54,Alto,93.2,2257.79,40,742.81,30.66,60.56,1.65,Alta,Molto bassa,Risorsa strategica vulnerabile,"Priorità alta ma gestione complessa: risorsa vocata, esposta e frammentata",Alta x Alto x Molto bassa,88-91
14,Mores,Mores,mores,,2362.69,2.82,2.477,Bassa,41.5,Medioalto,84.84,2004.62,26,789.43,33.41,90.87,1.1,Media,Molto bassa,Area critica o marginale esposta,Area critica/marginale esposta: priorità selettiva,Bassa x Medioalto x Molto bassa,91-94
15,Chiaramonti,Chiaramonti,chiaramonti,,2359.32,2.82,2.893,Media,41.21,Medioalto,78.3,1847.4,30,1297.16,54.98,78.64,1.27,Media,Bassa,Risorsa compatibile ma fragile,Risorsa compatibile ma fragile e frammentata,Media x Medioalto x Bassa,94-97
16,Padru,Padru,padru,,2265.4,2.7,3.971,Alta,44.34,Medioalto,92.76,2101.33,15,1328.45,58.64,151.03,0.66,Media,Bassa,Risorsa strategica vulnerabile,"Priorità alta ma gestione complessa: risorsa vocata, esposta e frammentata",Alta x Medioalto x Bassa,97-100
17,Illorai,Illorai,illorai,,2070.5,2.47,3.257,Alta,48.02,Alto,95.92,1986.07,9,1927.04,93.07,230.06,0.43,Bassa,Alta,Risorsa strategica vulnerabile,"Priorità alta: risorsa vocata, esposta e territorialmente governabile",Alta x Alto x Alta,100-103
18,Olbia,Olbia,olbia,,1971.52,2.35,3.673,Alta,42.6,Medioalto,88.24,1739.62,78,555.95,28.2,25.28,3.96,Molto alta,Molto bassa,Risorsa strategica vulnerabile,"Priorità alta ma gestione complessa: risorsa vocata, esposta e frammentata",Alta x Medioalto x Molto bassa,103-106
19,Oliena,Oliena,oliena,,1944.06,2.32,3.987,Alta,43.2,Medioalto,95.6,1858.51,30,1238.47,63.71,64.8,1.54,Alta,Media,Risorsa strategica vulnerabile,"Priorità alta: risorsa vocata, esposta e territorialmente governabile",Alta x Medioalto x Media,106-109
20,Pozzomaggiore,Pozzomaggiore,pozzomaggiore,,1837.12,2.19,2.001,Bassa,43.74,Medioalto,91.24,1676.19,19,1652.01,89.92,96.69,1.03,Media,Alta,Area critica o marginale esposta,Area critica/marginale esposta: priorità selettiva,Bassa x Medioalto x Alta,109-112
21,Benetutti,Benetutti,benetutti,,1822.49,2.18,3.789,Alta,43.77,Medioalto,87.86,1601.24,48,642.73,35.27,37.97,2.63,Alta,Molto bassa,Risorsa strategica vulnerabile,"Priorità alta ma gestione complessa: risorsa vocata, esposta e frammentata",Alta x Medioalto x Molto bassa,112-115
22,Abbasanta,Abbasanta,abbasanta,,1767.81,2.11,2.0,Bassa,42.55,Medioalto,96.15,1699.72,7,1685.8,95.36,252.54,0.4,Bassa,Alta,Area critica o marginale esposta,Area critica/marginale esposta: priorità selettiva,Bassa x Medioalto x Alta,115-118
23,Pattada,Pattada,pattada,,1761.94,2.1,3.816,Alta,40.53,Medioalto,79.39,1398.86,56,805.9,45.74,31.46,3.18,Molto alta,Bassa,Risorsa strategica vulnerabile,"Priorità alta ma gestione complessa: risorsa vocata, esposta e frammentata",Alta x Medioalto x Bassa,118-121
24,Monti,Monti,monti,,1637.71,1.95,3.936,Alta,43.86,Medioalto,90.74,1486.09,42,823.09,50.26,38.99,2.56,Alta,Bassa,Risorsa strategica vulnerabile,"Priorità alta ma gestione complessa: risorsa vocata, esposta e frammentata",Alta x Medioalto x Bassa,121-124
25,Ploaghe,Ploaghe,ploaghe,,1561.48,1.86,2.569,Media,40.57,Medioalto,87.31,1363.3,23,680.08,43.55,67.89,1.47,Media,Bassa,Risorsa compatibile ma fragile,Risorsa compatibile ma fragile e frammentata,Media x Medioalto x Bassa,124-127
26,Bono,Bono,bono,,1462.03,1.74,3.711,Alta,47.15,Alto,98.14,1434.89,19,894.86,61.21,76.95,1.3,Media,Media,Risorsa strategica vulnerabile,"Priorità alta: risorsa vocata, esposta e territorialmente governabile",Alta x Alto x Media,127-130
27,Aidomaggiore,Aidomaggiore,aidomaggiore,,1442.56,1.72,2.001,Bassa,43.85,Medioalto,97.46,1405.97,5,1347.61,93.42,288.51,0.35,Bassa,Alta,Area critica o marginale esposta,Area critica/marginale esposta: priorità selettiva,Bassa x Medioalto x Alta,130-133
28,Ardara,Ardara,ardara,,1413.35,1.69,2.48,Bassa,42.68,Medioalto,90.31,1276.37,17,606.03,42.88,83.14,1.2,Media,Bassa,Area critica o marginale esposta,Area critica/marginale esposta: priorità selettiva,Bassa x Medioalto x Bassa,133-136
29,Iglesias,Iglesias,iglesias,,1372.51,1.64,2.986,Media,46.78,Alto,98.28,1348.87,10,1103.9,80.43,137.25,0.73,Media,Alta,Risorsa compatibile ma fragile,"Risorsa compatibile, esposta e gestibile con interventi coordinati",Media x Alto x Alta,136-139
30,Bultei,Bultei,bultei,,1342.27,1.6,3.395,Alta,46.19,Alto,92.91,1247.14,17,1047.61,78.05,78.96,1.27,Media,Media,Risorsa strategica vulnerabile,"Priorità alta: risorsa vocata, esposta e territorialmente governabile",Alta x Alto x Media,139-141
