file,pagina_pdf,dimensioni,descrizione
fig-1a-analisi-demografico-economica-imprese.png,29,1480x1223,Figura 1a. Analisi demografico-economica sulle attività produttive degli 11 Comuni (grafici A–M)
fig-2a-framework-territoriale-integrato.jpeg,35,1024x559,Figura 2a. Framework territoriale integrato dell'Unione dei Comuni dell'Alta Gallura
fig-3a-quadro-sinottico-comuni.jpeg,55,1535x1024,Figura 3a. Schema sinottico dei comuni dell'Alta Gallura (mappa + schede)
fig-4a-framework-esg-data-management.jpeg,72,1298x748,Figura 4a. Framework ESG territoriale e flussi di interoperabilità dati
fig-4b-servizi-ecosistemici-carbon-farming.jpeg,75,1298x712,"Figura 4b. Servizi ecosistemici, regolazione idrogeologica e carbon farming"
fig-4c-filiera-bosco-sughero.jpeg,81,1301x718,Figura 4c. Schema integrato della filiera bosco-sughero
fig-4d-filiera-bovina-estensiva.jpeg,84,1261x718,Figura 4d. Schema integrato della filiera bovina estensiva
fig-4e-filiera-suinicola-agroforestale.jpeg,87,1265x697,Figura 4e. Schema concettuale della filiera suinicola agroforestale controllata
fig-4f-roadmap-operativa-36-mesi.jpeg,90,1234x695,Figura 4f. Roadmap operativa Green community Alta Gallura UCAG 193 (36 mesi)
all2-fig1-carta-uso-suolo-2008.jpeg,149,712x219,"Allegato II, Fig. 1. Estratto Carta Uso del Suolo Sardegna 2008 (CORINE)"
all2-fig2-carta-suoli-sardegna.jpeg,150,1130x599,"Allegato II, Fig. 2. Stralcio Carta dei Suoli della Sardegna 1:250.000"
all2-fig3-limiti-amministrativi.jpeg,150,724x244,"Allegato II, Fig. 3. Limiti amministrativi comunali (DB geotopografico)"
all2-fig4-logo-qgis.jpeg,151,425x111,"Allegato II, Fig. 4. Logo QGIS (marchio terzo, non usare nel sito)"
