"comune";"slug";"fascia";"serie";"var_pct_famiglie_2003_2011";"note";"pagine_pdf";"var_pct_famiglie_2003_2023"
"Aggius";"aggius";"interna";"[{""anno"":2003,""numero_famiglie"":666,""componenti_medi"":2.45},{""anno"":2011,""numero_famiglie"":686,""componenti_medi"":2.33},{""anno"":2023,""numero_famiglie"":641,""componenti_medi"":2.19},{""anno"":2024,""numero_famiglie"":null,""componenti_medi"":2.16}]";"3";"Numero famiglie 2024 non riportato; componenti medi 2024 = 2,16.";"[98,99]";
"Aglientu";"aglientu";"costiera";"[{""anno"":2003,""numero_famiglie"":500,""componenti_medi"":2.22},{""anno"":2011,""numero_famiglie"":664,""componenti_medi"":1.75},{""anno"":2023,""numero_famiglie"":704,""componenti_medi"":1.67},{""anno"":2024,""numero_famiglie"":null,""componenti_medi"":null}]";"32.8";"Il testo dice solo che il numero di famiglie si 'stabilizza' nel 2024, senza valore: 2024 null.";"[102,103]";
"Badesi";"badesi";"costiera";"[{""anno"":2003,""numero_famiglie"":711,""componenti_medi"":2.61},{""anno"":2011,""numero_famiglie"":867,""componenti_medi"":2.19},{""anno"":2023,""numero_famiglie"":920,""componenti_medi"":2},{""anno"":2024,""numero_famiglie"":928,""componenti_medi"":1.97}]";;;"[106,107]";
"Bortigiadas";"bortigiadas";"interna";"[{""anno"":2003,""numero_famiglie"":346,""componenti_medi"":2.47},{""anno"":2011,""numero_famiglie"":365,""componenti_medi"":2.17},{""anno"":2023,""numero_famiglie"":331,""componenti_medi"":2.12},{""anno"":2024,""numero_famiglie"":328,""componenti_medi"":2.12}]";"5.49";;"[110,111]";
"Calangianus";"calangianus";"interna";"[{""anno"":2003,""numero_famiglie"":1595,""componenti_medi"":2.87},{""anno"":2011,""numero_famiglie"":1592,""componenti_medi"":2.66},{""anno"":2023,""numero_famiglie"":1618,""componenti_medi"":2.33},{""anno"":2024,""numero_famiglie"":1623,""componenti_medi"":2.28}]";;;"[114,115]";
"Luogosanto";"luogosanto";"interna";"[{""anno"":2003,""numero_famiglie"":726,""componenti_medi"":2.47},{""anno"":2011,""numero_famiglie"":811,""componenti_medi"":2.33},{""anno"":2023,""numero_famiglie"":825,""componenti_medi"":2.17},{""anno"":2024,""numero_famiglie"":833,""componenti_medi"":2.17}]";"11.7";;"[119,120]";
"Luras";"luras";"interna";"[{""anno"":2003,""numero_famiglie"":1004,""componenti_medi"":2.65},{""anno"":2011,""numero_famiglie"":1111,""componenti_medi"":2.38},{""anno"":2023,""numero_famiglie"":1052,""componenti_medi"":2.25},{""anno"":2024,""numero_famiglie"":1047,""componenti_medi"":2.26}]";"10.65";;"[124,125]";
"Santa Teresa Gallura";"santa-teresa-gallura";"costiera";"[{""anno"":2003,""numero_famiglie"":1727,""componenti_medi"":2.6},{""anno"":2011,""numero_famiglie"":2697,""componenti_medi"":1.86},{""anno"":2023,""numero_famiglie"":2807,""componenti_medi"":1.79},{""anno"":2024,""numero_famiglie"":2873,""componenti_medi"":1.77}]";"56.17";;"[129,130]";
"Tempio Pausania";"tempio-pausania";"interna";"[{""anno"":2003,""numero_famiglie"":5206,""componenti_medi"":2.66},{""anno"":2011,""numero_famiglie"":5711,""componenti_medi"":2.42},{""anno"":2023,""numero_famiglie"":5759,""componenti_medi"":2.23},{""anno"":2024,""numero_famiglie"":5769,""componenti_medi"":2.21}]";"9.7";;"[134,135]";
"Trinità d'Agultu e Vignola";"trinita-d-agultu-e-vignola";"costiera";"[{""anno"":2003,""numero_famiglie"":831,""componenti_medi"":2.45},{""anno"":2011,""numero_famiglie"":1066,""componenti_medi"":2.02},{""anno"":2023,""numero_famiglie"":1208,""componenti_medi"":1.8},{""anno"":2024,""numero_famiglie"":1242,""componenti_medi"":1.76}]";;;"[139,140]";
"Viddalba";"viddalba";"interna";"[{""anno"":2003,""numero_famiglie"":613,""componenti_medi"":2.76},{""anno"":2011,""numero_famiglie"":688,""componenti_medi"":2.45},{""anno"":2023,""numero_famiglie"":763,""componenti_medi"":2.09},{""anno"":2024,""numero_famiglie"":761,""componenti_medi"":2.07}]";"12.23";;"[144,145]";
"TOTALE ALTA GALLURA";"totale-alta-gallura";"unione";"[{""anno"":2003,""numero_famiglie"":13925,""componenti_medi"":2.63},{""anno"":2011,""numero_famiglie"":16258,""componenti_medi"":2.28},{""anno"":2023,""numero_famiglie"":16628,""componenti_medi"":2.12},{""anno"":2024,""numero_famiglie"":null,""componenti_medi"":null}]";;"Totale famiglie 2011 (16.258) = somma delle schede comunali, non citato nel testo; 2003 e 2023 e componenti medi 2,63 / 2,28 / 2,12 dal par. 1.3 (p.23). Il valore 2,09 'nel 2024' del par. 1.3 è riferito alla 'media dei piccoli comuni costieri', non all'Unione: non inserito.";"[23]";"19.41"