"tipo";"eqf";"codice";"profilo";"settore_complessita";"contesto_esercizio";"descrizione_competenze";"ore";"pagina_pdf";"livello";"livello_nome";"descrizione";"in_tabella_2b";"codice_tabella_2b";"nome";"sede";"sezione";"definizione";"esperienze_citate";"sintesi";"soggetti";"dati_numerici_citati";"pagine_pdf"
"profilo_tabella_2b";"2";"56358";"Operatore forestale";"Agricoltura zootecnia silvicoltura maricoltura Gruppo-livello A";"Dipendente o autonomo per imprese boschive ed enti pubblici. Lavoro in squadra, stabile o stagionale.";"Operazioni pratiche in condizioni semplici e su alberi di piccole dimensioni (abbattimento, sramatura, esbosco). Uso sicuro di motosega e attrezzi forestali nel rispetto delle norme UNI 11660 e del D.lgs. 34 del 2018.";;"51";;;;;;;;;;;;;;
"profilo_tabella_2b";"3";"14";"Addetto all'estrazione e selezione del sughero (scorzino)";"Agricoltura zootecnia silvicoltura maricoltura Gruppo-livello B";"Operatore stagionale o stabile per imprese boschive, consorzi ed enti pubblici. Opera in squadra sotto un capo-squadra o tecnico forestale.";"Esegue in sicurezza decortica, demaschiatura e selezione del sughero con accetta da decortica. Svolge anche pulizia del sottobosco ed esbosco via terra. Profilo regolamentato dalla norma UNI 11660 2016.";;"51";;;;;;;;;;;;;;
"profilo_tabella_2b";"3";"236";"Operatore per le attività di sistemazione idraulico-forestale e idraulico-agraria";"Agricoltura zootecnia silvicoltura maricoltura Gruppo-livello B";"Rapporto prevalentemente dipendente e stagionale presso aziende agricole, forestali pubbliche o di servizi.";"Esecuzione di opere anti-erosive, regimazione delle acque, difesa del suolo e messa a dimora di piante. Richiede attestato di abilitazione per attrezzature specifiche secondo la Delibera di Giunta 40/12 del 2021.";;"51";;;;;;;;;;;;;;
"profilo_tabella_2b";"3";"515";"Operatore della lavorazione del sughero";"Legno, sughero, produzione mobili Gruppo-livello A";"Area produzione di imprese industriali del sughero. Lavoro dipendente a tempo determinato o indeterminato.";"Gestione delle fasi interne alla fabbrica: selezione della materia prima grezza, taglio, lavorazione, rifinitura e controllo di qualità finale del prodotto. Si interfaccia con i responsabili di filiera.";;"51";;;;;;;;;;;;;;
"profilo_tabella_2b";"3";"56162";"Operatore forestale specializzato";"Agricoltura zootecnia silvicoltura maricoltura Gruppo-livello B";"Cantiere forestale e comparto bosco-legno-energia. Lavoro autonomo o dipendente in squadra, coordinato da un tecnico forestale.";"Esegue in autonomia abbattimento, allestimento ed esbosco di latifoglie e conifere di qualsiasi dimensione, in condizioni da semplici a difficili. Coordina i gruppi di lavoro sul campo secondo la norma UNI 11660 2016.";;"51";;;;;;;;;;;;;;
"profilo_tabella_2b";"4";"32";"Tecnico agro-forestale";"Agricoltura zootecnia silvicoltura maricoltura Gruppo-livello B";"Lavoro dipendente in enti pubblici (parchi, province, comunità montane). Opera con qualifica e poteri di Pubblico Ufficiale.";"Supervisione, sorveglianza e prevenzione incendi nel patrimonio forestale e faunistico. Rileva infrazioni, redige verbali e collabora con la Protezione Civile. Richiede il Patentino per l'acquisto e uso di prodotti fitosanitari.";;"51";;;;;;;;;;;;;;
"profilo_tabella_2b";"4";"56364";"Istruttore forestale di abbattimento e allestimento";"Agricoltura zootecnia silvicoltura maricoltura Gruppo-livello C";"Formazione professionale forestale su tutto il territorio nazionale. Docente autonomo o dipendente.";"Insegna in sicurezza le tecniche di cantiere forestale da semplici a complesse. Organizza e gestisce cantieri didattici assumendo la responsabilità della sicurezza. Richiede la qualifica preliminare di Operatore specializzato.";;"51";;;;;;;;;;;;;;
"profilo_tabella_2b";"4";"56416";"Istruttore per addetti all'estrazione e selezione del sughero";"Agricoltura zootecnia silvicoltura maricoltura Gruppo-livello C";"Formazione professionale in campo agro-forestale a livello nazionale. Docente autonomo o dipendente.";"Insegna decortica, demaschiatura, coltivazione della sughereta e gestione dei depositi. Coordina cantieri didattici responsabili della sicurezza. Richiede il possesso della qualifica preliminare di scorzino (codice 14).";;"51";;;;;;;;;;;;;;
"nuova_professionalita";;;"Tecnico agro-forestale";;;;;"49";"1";"Programmazione, vigilanza e coordinamento (elevata autonomia decisionale)";"Vigilanza, prevenzione incendi e salvaguardia del patrimonio boschivo e faunistico, in coordinamento con autorità competenti e protezione civile.";"true";"32";;;;;;;;;
"nuova_professionalita";;;"Tecnico per la certificazione della gestione forestale sostenibile (FSC e PEFC)";;;;;"49";"1";"Programmazione, vigilanza e coordinamento (elevata autonomia decisionale)";"Supporta pianificazione e monitoraggio delle attività selvicolturali, verificando conformità ai criteri di sostenibilità, tracciabilità delle filiere e mantenimento dei servizi ecosistemici in sugherete e sistemi agroforestali.";"false";;;;;;;;;;
"nuova_professionalita";;;"Consulente ESG (Environmental, Social, Governance)";;;;;"49";"1";"Programmazione, vigilanza e coordinamento (elevata autonomia decisionale)";"Figura consulenziale per l'allineamento alle strategie europee di transizione ecologica e per la rendicontazione.";"false";;;;;;;;;;
"nuova_professionalita";;;"Professionista QHSE-E (Quality, Health, Safety, Environment and Energy)";;;;;"50";"1";"Programmazione, vigilanza e coordinamento (elevata autonomia decisionale)";"Implementazione di sistemi integrati di gestione della sicurezza, tutela ambientale ed efficienza energetica nei settori agroforestale, turistico e industriale.";"false";;;;;;;;;;
"nuova_professionalita";;;"Istruttore forestale di abbattimento e allestimento";;;;;"50";"2";"Trasmissione delle competenze, didattica sul campo e diversificazione dei servizi";"Figura di raccordo per il trasferimento dell'innovazione e la sicurezza dei cantieri.";"true";"56364";;;;;;;;;
"nuova_professionalita";;;"Istruttore per addetti all'estrazione e selezione del sughero";;;;;"50";"2";"Trasmissione delle competenze, didattica sul campo e diversificazione dei servizi";"Insegna in sicurezza demaschiatura e decortica, valorizzando il patrimonio culturale delle pratiche tradizionali.";"true";"56416";;;;;;;;;
"nuova_professionalita";;;"Esperto in agricoltura sociale e multifunzionale";;;;;"50";"2";"Trasmissione delle competenze, didattica sul campo e diversificazione dei servizi";"Diversifica il reddito rurale e favorisce la permanenza delle comunità nei territori marginali.";"false";;;;;;;;;;
"nuova_professionalita";;;"Progettista di sistemi turistici esperienziali";;;;;"50";"2";"Trasmissione delle competenze, didattica sul campo e diversificazione dei servizi";"Struttura offerte integrate basate su paesaggio storico, beni culturali diffusi e fruizione lenta.";"false";;;;;;;;;;
"nuova_professionalita";;;"Operatore per la sistemazione idraulico-forestale e idraulico-agraria";;;;;"50";"3";"Figure esecutive e operative";"Interventi anti-erosivi e di regimazione delle acque nel comparto della difesa del suolo.";"true";"236";;;;;;;;;
"nuova_professionalita";;;"Operatore forestale";;;;;"50";"3";"Figure esecutive e operative";"Utilizzazioni boschive della filiera bosco-legno con livelli crescenti di complessità tecnica e topografica.";"true";"56358";;;;;;;;;
"nuova_professionalita";;;"Operatore forestale specializzato";;;;;"50";"3";"Figure esecutive e operative";"Utilizzazioni boschive in condizioni da semplici a difficili; coordina i gruppi di lavoro sul campo.";"true";"56162";;;;;;;;;
"nuova_professionalita";;;"Addetto all'estrazione e selezione del sughero (scorzino)";;;;;"50";"3";"Figure esecutive e operative";"Figura cardine per la scortecciatura e la tutela della pianta.";"true";"14";;;;;;;;;
"nuova_professionalita";;;"Operatore della lavorazione del sughero";;;;;"50";"3";"Figure esecutive e operative";"Presidia le fasi dello stabilimento industriale, dal taglio al controllo qualità.";"true";"515";;;;;;;;;
"nuova_professionalita";;;"Operatori zootecnici e agro-pastorali";;;;;"50";"3";"Figure esecutive e operative";"Gestione degli allevamenti tradizionali e presidio attivo del territorio rurale.";"false";;;;;;;;;;
"istituzione_formativa";;;;;;;;"49";"Istruzione tecnica e professionale secondaria";;"Con l'IPSAR di Santa Teresa svolge funzione di 'scuola territoriale dell'innovazione': didattica laboratoriale, alternanza scuola-lavoro, collaborazione con imprese locali; percorsi orientati a Made in Italy, agroalimentare, turismo e gestione delle risorse ambientali.";;;"Polo Tecnico ""Don Gavino Pes""";;;;;;;;
"istituzione_formativa";;;;;;;;"49";"Istruzione professionale secondaria";;"Scuola territoriale dell'innovazione con didattica laboratoriale e alternanza scuola-lavoro, orientata a agroalimentare e turismo.";;;"Istituto Professionale per i Servizi Alberghieri e della Ristorazione (IPSAR) di Santa Teresa di Gallura";"santa-teresa-gallura";;;;;;;
"istituzione_formativa";;;;;;;;"49";"Post-secondario (ITS)";;"Nodo formativo strategico per tecnici superiori in ambito turistico, culturale e gestionale; percorsi con sede anche a Tempio Pausania su gestione di sistemi turistici complessi, eventi culturali e valorizzazione integrata del patrimonio.";;;"Fondazione ITS TAC Sardegna (Turismo & Attività Culturali)";"tempio-pausania";;;;;;;
"living_lab";;;;;;;;"47";;;;;;;;"2.3.2";"Metodologia avanzata di governance territoriale basata su co-progettazione, sperimentazione e apprendimento collettivo, che integra amministrazioni, comunità locali, sistema produttivo e ricerca. In Alta Gallura si traduce in spazi di sperimentazione reale delle politiche su rigenerazione urbana, patrimonio diffuso e transizione ecologica.";"[{""nome"":""GAL Alta Gallura–Gallura – Piano di Sviluppo Locale 'Da li Stazzi a sas Pinnettas'"",""descrizione"":""Territorio come laboratorio di innovazione rurale: recupero degli stazzi, sviluppo di filiere locali, economie di prossimità.""},{""nome"":""Creative Living Lab (Ministero della Cultura)"",""descrizione"":""Co-progettazione di spazi pubblici e paesaggi urbani tramite urbanismo partecipato e creative regeneration; arte pubblica e design territoriale per la riqualificazione di spazi marginali.""}]";;;;
"ricerca_applicata";;;;;;;;;;;;;;;;"2.3.3";;;"La ricerca applicata si articola nel sistema regionale delle agenzie tecniche, con ruolo centrale di AGRIS Sardegna (polo di Tempio Pausania per sughericoltura e selvicoltura mediterranea) e supporto all'Agenzia Forestas. Laboratorio a cielo aperto: massiccio del Monte Limbara e sugherete dell'Alta Gallura e del Coghinas, integrato con i Piani Forestali Particolareggiati. Filoni: caratterizzazione pedologica e stazionale (suoli granitici acidi, sciolti, sabbiosi, ricchi di scheletro, adatti alla Quercus suber), modellistica climatica e idrologica forestale, struttura e dinamica forestale per carbon stock e Carbon Farming, innovazione di processo ed economia circolare per sughero (tannini dalle acque di bollitura, biomassa e polveri per energia e bioedilizia) e granito (sfridi in compositi e malte geopolimeriche).";"[""AGRIS Sardegna – polo di Tempio Pausania"",""Agenzia Forestas"",""Centri di competenza regionali""]";"[{""nome"":""Stazione meteorologica di Caddau – quota"",""valore"":557,""unita"":""m s.l.m."",""nota"":""Riferimento per l'UGB Limbara Sud""},{""nome"":""Piovosità media annua (Caddau)"",""valore"":954.1,""unita"":""mm""},{""nome"":""Piovosità media di dicembre"",""valore"":135.9,""unita"":""mm""},{""nome"":""Piovosità del trimestre estivo"",""valore"":70.1,""unita"":""mm""},{""nome"":""Piovosità minima di luglio"",""valore"":8.4,""unita"":""mm""},{""nome"":""Soglia critica estiva (indici De Philippis)"",""valore"":150,""unita"":""mm""},{""nome"":""Riserva utile standard del suolo (Thornthwaite)"",""valore"":100,""unita"":""mm""},{""nome"":""Deficit idrico reale annuo"",""valore"":269,""unita"":""mm""},{""nome"":""Giorni cumulativi di aridità totale del suolo"",""valore"":99,""unita"":""giorni/anno"",""nota"":""Concentrati tra metà maggio e metà ottobre""},{""nome"":""Concentrazione estiva dell'efficienza termica"",""valore"":50.2,""unita"":""%"",""nota"":""Classificazione Primo Mesotermico""},{""nome"":""Surplus idrico annuo"",""valore"":435,""unita"":""mm""},{""nome"":""Superficie UGB Limbara Sud (Berchidda)"",""valore"":3630.1,""unita"":""ha""},{""nome"":""Copertura di macchia evoluta nell'UGB Limbara Sud"",""valore"":51,""unita"":""%""}]";"[47,48,49]"