"tipo";"ordine";"nome";"slug";"descrizione_breve";"elementi";"pagine_pdf";"fonte_figura";"comuni";"comuni_fig_2a";"comuni_testo_4_5";"sigla";"priorita_fig_4a";"stato";"funzione"
"pilastro";"1";"Unione dei Comuni dell'Alta Gallura – Piattaforma di governance";"piattaforma-governance";"L'Unione dei Comuni svolge funzione di coordinamento strategico e amministrativo, assicurando integrazione tra amministrazioni locali, partenariato economico-sociale e soggetti tecnici di supporto. Nel modello 'Città dei Paesi' è la piattaforma di coordinamento per pianificazione associata, servizi sovracomunali e strategie comuni di sviluppo.";"[""Coordinamento strategico e amministrativo"",""Integrazione tra amministrazioni locali, partenariato economico-sociale e soggetti tecnici"",""Interoperabilità e logistica tra poli dell'entroterra e gateway costieri (Fig. 2a)""]";"[35,69]";"fig-2a-framework-territoriale-integrato.jpeg";;;;;;;
"pilastro";"2";"Poli dell'entroterra – Manutenzione e produzione";"poli-entroterra";"I comuni interni garantiscono la manutenzione del capitale naturale (boschi, sugherete, pascoli) e ospitano i poli produttivi. Fig. 2a distingue: Calangianus e Tempio Pausania (hub sughero e servizi), Luogosanto, Luras e Aggius (mosaico agro-silvano), Bortigiadas (presidio idrogeologico).";"[""Calangianus e Tempio Pausania – Hub sughero e servizi"",""Luogosanto, Luras, Aggius – Mosaico agro-silvano"",""Bortigiadas – Presidio idrogeologico""]";"[35,78,79]";"fig-2a-framework-territoriale-integrato.jpeg";"[""calangianus"",""tempio-pausania"",""luogosanto"",""luras"",""aggius"",""bortigiadas""]";;;;;;
"pilastro";"3";"Gateway costieri – Mercato e valorizzazione";"gateway-costieri";"I comuni costieri a vocazione turistica assumono un ruolo non legato alla produzione primaria ma alla valorizzazione commerciale, all'accoglienza e alla narrazione delle filiere locali, fungendo da vetrina per il mercato turistico e la ristorazione di qualità e garantendo lo sbocco commerciale alle produzioni dell'interno.";"[""Connessione flussi turistici"",""Vetrina commerciale e ristorazione identitaria""]";"[35,79]";"fig-2a-framework-territoriale-integrato.jpeg";;"[""santa-teresa-gallura"",""aglientu"",""badesi"",""trinita-d-agultu-e-vignola""]";"[""aglientu"",""badesi"",""santa-teresa-gallura""]";;;;
"pilastro";"4";"Infrastruttura verde d'area";"infrastruttura-verde";"Il capitale naturale (sugherete, mosaici silvo-pastorali, habitat agroforestali mediterranei, paesaggi produttivi tradizionali) è il principale asset strategico su cui costruire bioeconomia territoriale, economia circolare e valorizzazione dei servizi ecosistemici. Fig. 2a lo declina in quattro linee: gestione attiva delle sugherete, pascolo estensivo controllato, mitigazione del rischio incendi, valorizzazione dei servizi ecosistemici.";"[""Gestione attiva delle sugherete"",""Pascolo estensivo controllato"",""Mitigazione del rischio incendi"",""Valorizzazione servizi ecosistemici""]";"[35,69]";"fig-2a-framework-territoriale-integrato.jpeg";;;;;;;
"pilastro";"5";"Filiere territoriali integrate";"filiere-territoriali";"La Green community è una piattaforma di coordinamento per la valorizzazione sostenibile delle filiere bosco-sughero, agro-zootecnica estensiva e dei sistemi agroforestali multifunzionali, interpretate come infrastrutture territoriali che generano servizi ecosistemici, presidio attivo e riduzione delle vulnerabilità. Il modello connette gestione forestale, trasformazione industriale, allevamento estensivo e qualificazione ambientale delle produzioni.";"[""Filiera bosco-sughero"",""Filiera bovina estensiva"",""Filiera suinicola agroforestale controllata"",""Contratti di filiera""]";"[69,78,79]";;;;;;;;
"pilastro";"6";"Framework ESG e data management territoriale";"framework-esg-data";"Il framework ESG è la matrice per integrare la sostenibilità nelle strategie territoriali, in coerenza con Tassonomia UE, principio DNSH e Green Deal. Fig. 4a lo rappresenta come una piattaforma integrata di gestione e analisi territoriale evidence-based alimentata da fusione dati GIS e modellistica preventiva (PAI, PFP, FlamMap, Tobler Algorithm, DTM) e da baseline ambientali e produttive (Water e Carbon Footprint), che restituisce output informativi/operativi e strategici per la Green community.";"[""Dimensione Environmental"",""Dimensione Social"",""Dimensione Governance"",""Piattaforma integrata evidence-based (fusione dati GIS, modellistica preventiva PAI/PFP, FlamMap, Tobler Algorithm, DTM)"",""Baseline ambientali e produttive (Water Footprint, Carbon Footprint)"",""Pianificazione adattativa e supporti decisionali""]";"[70,71,72]";"fig-4a-framework-esg-data-management.jpeg";;;;;;;
"dimensione_esg";;"Environmental";;"Tutela e valorizzazione del capitale naturale come asset strategico: conservazione di habitat e specie tramite gestione integrata dei siti Natura 2000, protezione dei sistemi forestali e agro-silvo-pastorali, connettività ecologica. Include sorveglianza fitosanitaria e contenimento di specie aliene e organismi nocivi delle quercine, mitigazione del rischio idrogeologico e incendiario, valorizzazione delle biomasse residuali in logica di economia circolare.";;"[70,72]";;;;;"E";"[""Monitoraggio fitosanitario sugherete: rilevamento precoce attacchi parassitari e organismi nocivi"",""Prevenzione suoli eluviali: verifica profondità e stabilità, tutela contro erosione superficiale"",""Mitigazione pirologica: fasce tagliafuoco strategiche e gestione attiva della biomassa nel sottobosco""]";;
"dimensione_esg";;"Social";;"Rafforzamento della coesione territoriale e contrasto a marginalizzazione e spopolamento: le filiere come presidio, trasmissione intergenerazionale dei saperi e identità. Valorizzazione di comunità del cibo e filiere corte; inclusione attiva di giovani NEET, disoccupati under 40, donne, lavoratori in transizione e over 60 attivi tramite inserimento lavorativo, autoimprenditorialità, upskilling e reskilling; formazione tecnica e capacity building; digitalizzazione abilitante; sostegno alla residenzialità stabile.";;"[70,71,72]";;;;;"S";"[""Inclusione giovanile: programmi dedicati per under 40 e NEET locali (es. in agroforestazione)"",""Trasferimento saperi artigiani: formazione specializzata e corsi per scorzini e lavoratori forestali"",""Sicurezza sul lavoro: protocolli avanzati per decortica e cantieri boschivi""]";;
"dimensione_esg";;"Governance";;"Rafforzamento della capacità amministrativa e gestionale, trasparenza decisionale ed efficacia di pianificazione, attuazione e monitoraggio. Coordinamento interistituzionale tra Unione dei Comuni, amministrazioni, soggetti tecnici, distretti, ricerca e partenariato; governance partecipativa; sistemi di monitoraggio, data management territoriale, indicatori condivisi e protocolli di reporting; applicazione di DNSH, due diligence ambientale e sostenibilità nel procurement.";;"[71,72]";;;;;"G";"[""Interoperabilità dati: fusione record alfanumerici e vettoriali tra UCAG, AGRIS, Forestas"",""Gestione associata proprietari: animazione e aggregazione proprietari forestali e aziende rurali"",""Reporting ambientale periodico: strutturazione di bilanci ESG e accountability territoriale""]";;
"organo_governance";;"Unione dei Comuni dell'Alta Gallura";;;;"[69,35]";;;;;;;"esistente";"Coordinamento strategico e amministrativo del modello multilivello e multi-attore; integrazione tra amministrazioni locali, partenariato economico-sociale e soggetti tecnici di supporto."
"organo_governance";;"Cabina di regia tecnico-istituzionale dell'Unione dei Comuni";;;;"[91,90]";;;;;;;"da rafforzare (proposta)";"Coordina il modello di governance intercomunale integrata, gestendo in modo centralizzato le risorse naturali e connettendo l'entroterra rurale con i poli industriali e i gateway costieri. Nella roadmap compare come azione 19 'Cabina regia integrata (Costa-Interno)' (M31-36)."
"organo_governance";;"Centrale Unica di Committenza (CUC) dell'Unione";;;;"[14,91,90]";;;;;;;"esistente, da ottimizzare";"Standardizzazione dei processi amministrativi: gestione unificata dei bandi di gara, ottenimento delle certificazioni forestali di gruppo e accesso collettivo ai mercati volontari dei crediti di carbonio. Citata tra gli obiettivi operativi (pag. 14) e nella roadmap come azione 15 'Centralizzazione bando verde (CUC)' (M19-36)."
"organo_governance";;"Living Lab Territoriale";;;;"[92,47,90]";;;;;;;"da attivare/consolidare (proposta)";"Piattaforma di coordinamento scientifico e sociale: spazio decisionale stabile e partecipato che coinvolge istituzioni locali, agenzie scientifiche regionali e attori privati nella definizione dei modelli di sviluppo resiliente e nel monitoraggio delle performance d'area. Roadmap: azione 10 'Attivazione Living Lab Territoriale' (M7-18)."
"organo_governance";;"Distretto delle Ruralità del Nord Sardegna";;;;"[69,79]";;;;;;;"esistente";"Soggetto del sistema di governance insieme a operatori delle filiere, imprese di trasformazione, ricerca e partner privati; promotore del progetto Green 2030 citato tra le progettualità d'area dei contratti di filiera."
"organo_governance";;"Distretto rurale del sughero dell'Alta Gallura";;;;"[81]";;;;;;;"esistente";"Coordina la dimensione industriale e trasformativa della filiera bosco-sughero, integrando l'intera catena del valore con i poli di lavorazione dei comuni interni; obiettivo il consolidamento come infrastruttura tecnologica di economia circolare."
"organo_governance";;"Governance di filiera";;;;"[69,70,80]";;;;;;;"proposta";"Necessaria per affrontare frammentazione fondiaria, ridotta dimensione aziendale, dispersione gestionale e difficoltà di accesso coordinato a certificazione e finanziamento; si attua tramite gestione associata/consorzi forestali e contratti di filiera."
"organo_governance";;"Partenariato economico-sociale e stakeholder";;;;"[69,71]";;;;;;;"esistente";"Governance partecipativa fondata sul coinvolgimento di stakeholder pubblici e privati, imprese locali, associazioni di categoria, terzo settore e comunità territoriali; include operatori delle filiere forestali e agro-zootecniche, imprese di trasformazione, soggetti della ricerca e partner privati."