"id";"dimensione";"filiera";"nome";"cosa_misura";"unita";"fonte_dato";"pagina_pdf"
"E-T01";"E";"trasversale";"Impatti climalteranti lungo il ciclo di vita";"Quantificazione degli impatti climalteranti generati lungo i cicli di vita dei prodotti (Carbon Footprint).";"t CO2 eq";;"72"
"E-T02";"E";"trasversale";"Utilizzo e alterazione delle risorse idriche locali";"Livello di utilizzo e alterazione delle risorse idriche locali (Water Footprint blu, verde, grigia).";;;"72"
"E-T03";"E";"trasversale";"Stock di carbonio forestale e agroforestale";"Monitoraggio dello stock di carbonio associato ai sistemi forestali e agroforestali e della capacità di assorbimento forestale.";;;"72"
"E-T04";"E";"trasversale";"Tasso di circolarità dei processi";"Tasso di circolarità dei processi e recupero dei sottoprodotti energetici; circolarità dei sottoprodotti.";;;"72"
"E-T05";"E";"trasversale";"Compattamento pedologico";"Monitoraggio dei processi di compattamento pedologico, metrica di pressione locale sul suolo critica per la stabilità delle sugherete e la compatibilità delle attività zootecniche.";;;"72"
"E-T06";"E";"trasversale";"Erosione superficiale da canalizzazione";"Monitoraggio dell'erosione superficiale da canalizzazione; nella baseline (4.7.2) 'tassi reali di erosione idrica'.";;;"72"
"E-T07";"E";"trasversale";"Gestione sostenibile delle risorse";"Metrica del set integrato 4.5: gestione sostenibile delle risorse.";;;"79"
"E-T08";"E";"trasversale";"Stato di salute delle sugherete e indice di rinnovazione naturale delle querce";"Parametri del cruscotto di baseline (4.7.2): stato di salute delle sugherete, indice di rinnovazione naturale delle querce, biodiversità.";;;"90"
"S-T01";"S";"trasversale";"Sicurezza sul lavoro";"Indicatori legati alla sicurezza sul lavoro nelle filiere.";;;"73"
"S-T02";"S";"trasversale";"Benessere animale";"Indicatori di benessere animale nelle filiere zootecniche.";;;"73"
"S-T03";"S";"trasversale";"Qualità occupazionale";"Qualità occupazionale e livelli occupazionali attivati (baseline 4.7.2); contributo delle filiere alla coesione territoriale e vitalità economica.";;;"73"
"S-T04";"S";"trasversale";"Tracciabilità delle produzioni";"Tracciabilità delle produzioni e di filiera.";;;"73"
"S-T05";"S";"trasversale";"Inclusione di categorie vulnerabili";"Inclusione di categorie vulnerabili (giovani NEET, disoccupati under 40, donne, lavoratori in transizione, over 60 attivi).";;;"73"
"S-T06";"S";"trasversale";"Rafforzamento delle competenze locali";"Rafforzamento delle competenze locali (formazione tecnica, upskilling, reskilling).";;;"73"
"S-T07";"S";"trasversale";"Biosicurezza e rischio epidemiologico";"Parametri relativi alla biosicurezza e alla gestione del rischio epidemiologico, pilastri per la stabilità delle filiere agroforestali e la tutela della salute pubblica e del patrimonio zootecnico.";;;"73"
"G-T01";"G";"trasversale";"Trasparenza organizzativa";"Valutazione della trasparenza organizzativa delle filiere.";;;"73"
"G-T02";"G";"trasversale";"Capacità di monitoraggio e reporting";"Capacità di monitoraggio e reporting; strutturazione di bilanci ESG e accountability territoriale (Fig. 4a).";;;"73"
"G-T03";"G";"trasversale";"Integrazione tra attori territoriali";"Livello di integrazione tra attori territoriali.";;;"73"
"G-T04";"G";"trasversale";"Adozione di criteri ESG lungo la catena del valore";"Adozione di criteri ESG lungo la catena del valore; maturità organizzativa delle filiere.";;;"73"
"G-T05";"G";"trasversale";"Capacità di gestire fasi pilota controllate";"Capacità di gestire fasi pilota controllate in cui la raccolta dati precede la definizione di carichi gestionali definitivi e obiettivi di produzione su larga scala.";;;"73"
"G-T06";"G";"trasversale";"Interoperabilità dati";"Fusione di record alfanumerici e vettoriali tra UCAG, AGRIS e Forestas (Fig. 4a).";;"UCAG, AGRIS, Forestas (Fig. 4a)";"72"
"E-S01";"E";"sughero";"Stato fitosanitario delle sugherete";"Monitoraggio dello stato fitosanitario per rilevare tempestivamente attacchi parassitari o diffusione di organismi nocivi fungini.";;;"81"
"E-S02";"E";"sughero";"Quota di popolamenti certificati";"Quota di popolamenti forestali condotti in conformità agli standard di certificazione della gestione sostenibile (FSC/PEFC).";"quota/percentuale di superficie (non specificata)";;"81"
"E-S03";"E";"sughero";"Scarti di sugherificio riutilizzati";"Quantificazione volumetrica degli scarti di sugherificio riutilizzati nei cicli secondari di economia circolare.";"volume (non specificata)";;"81"
"E-S04";"E";"sughero";"Prelievi idrici per bollitura del sughero";"Volumi di risorsa idrica sotterranea o di rete prelevati per la bollitura del sughero plancia (pulizia, sanificazione, elasticizzazione) nei poli di Calangianus e Tempio Pausania; efficienza dei sistemi di depurazione e riciclo delle acque di processo, con recupero delle frazioni fenoliche ed estrattive.";;;"82"
"E-S05";"E";"sughero";"Bilancio emissivo per unità di prodotto";"Emissioni da carburanti nei cantieri (decortica, primo trasporto), logistica stradale e consumi energetici di stagionatura, taglio, finitura e packaging dei tappi, parametrate per unità di prodotto finito e messe in relazione con la capacità di assorbimento della sughereta.";"t CO2 eq per unità di prodotto finito";;"82"
"S-S01";"S";"sughero";"Sicurezza sul lavoro in decortica ed esbosco";"Tassi di sicurezza sul lavoro specifici per le attività di decortica e per i cantieri di esbosco.";;;"81"
"S-S02";"S";"sughero";"Scorzini e operatori in aggiornamento tecnico";"Numero di scorzini e operatori inseriti in programmi di aggiornamento tecnico.";"numero";;"81"
"S-S03";"S";"sughero";"Contratti di lavoro qualificati";"Capacità del comparto di generare contratti di lavoro qualificati per contrastare lo spopolamento; impatto occupazionale nelle aree interne montane.";;;"82"
"G-S01";"G";"sughero";"Adesione a gestione associata/consorzi forestali";"Adesione dei proprietari privati a forme di gestione associata o consorzi forestali (superamento della frammentazione fondiaria).";;;"82"
"G-S02";"G";"sughero";"Aziende con piani di assestamento aggiornati";"Percentuale di aziende dotate di piani di assestamento aggiornati.";"%";;"82"
"G-S03";"G";"sughero";"Tracciabilità digitale della materia prima";"Adozione di sistemi digitali di tracciabilità del sughero dal cantiere di scortecciatura all'ingresso negli stabilimenti del distretto.";;;"82"
"E-B01";"E";"bovina";"Emissioni specifiche della catena carne";"Emissioni calcolate lungo la catena di produzione della carne (metano enterico, reflui, mangimi, logistica, macellazione), in t CO2 eq per unità di prodotto finito.";"t CO2 eq per unità di prodotto finito";;"84"
"E-B02";"E";"bovina";"Degradazione e capacità rigenerativa dei prati-pascoli";"Indici di degradazione e capacità rigenerativa dei prati-pascoli.";;;"84"
"E-B03";"E";"bovina";"Conservazione del suolo";"Verifica delle tecniche di conservazione del suolo per il contrasto all'erosione idrica superficiale.";;;"84"
"E-B04";"E";"bovina";"Prelievi idrici diretti e indiretti";"Prelievi per abbeveraggio e lavaggio/sanificazione delle strutture; consumi indiretti per prati artificiali e mangimi complementari; monitoraggio dei punti di approvvigionamento rispetto al deficit idrico estivo.";;;"85"
"S-B01";"S";"bovina";"Benessere animale certificato";"Livello di benessere animale tramite protocolli certificati in azienda.";;;"84"
"S-B02";"S";"bovina";"Sicurezza sul lavoro nelle strutture zootecniche";"Indici di sicurezza sul lavoro nelle strutture zootecniche.";;;"84"
"S-B03";"S";"bovina";"Addetti in aggiornamento agronomico";"Numero di addetti inseriti in percorsi di aggiornamento agronomico.";"numero";;"84"
"S-B04";"S";"bovina";"Stabilità occupazionale";"Stabilità occupazionale generata per contrastare lo spopolamento.";;;"84"
"G-B01";"G";"bovina";"Tracciabilità e digitalizzazione registri";"Diffusione di sistemi informatici per la tracciabilità e digitalizzazione dei registri aziendali.";;;"84"
"G-B02";"G";"bovina";"Adesione a marchi di qualità d'area";"Grado di adesione dei produttori a marchi di qualità d'area (es. disciplinare Mangio Sano grass-fed).";;;"84"
"G-B03";"G";"bovina";"Integrazione di filiera";"Integrazione operativa tra allevatori, stabilimenti di trasformazione locale e reti commerciali della Green community.";;;"84"
"E-P01";"E";"suinicola";"Emissioni climalteranti per unità di salume";"Emissioni climalteranti per unità di salume prodotto (allevamento, reflui, mangimi, trasporti, macellazione, refrigerazione, stagionatura).";"t CO2 eq per unità di prodotto finito";;"87"
"E-P02";"E";"suinicola";"Impatto di grufolamento e calpestio sul sottobosco";"Valutazione dell'impatto del grugnito [sic, grufolamento] e del calpestio sulla biodiversità floristica del sottobosco.";;;"87"
"E-P03";"E";"suinicola";"Pressione zootecnica vs capacità di carico stazionale";"Bilancio tra pressione zootecnica reale e capacità di carico stazionale.";;;"87"
"E-P04";"E";"suinicola";"Gestione dei reflui aziendali";"Gestione sostenibile dei reflui per prevenire l'eutrofizzazione delle matrici idriche.";;;"87"
"E-P05";"E";"suinicola";"Prelievi idrici diretti e indiretti";"Prelievi per abbeveraggio e lavaggio/sanificazione di strutture e laboratori di trasformazione; consumi indiretti per mangimi complementari, contenuti dall'uso di risorse alimentari naturali del bosco.";;;"88"
"S-P01";"S";"suinicola";"Benessere animale sul campo";"Standard di benessere animale sul campo (riduzione dello stress da confinamento).";;;"87"
"S-P02";"S";"suinicola";"Riduzione uso di antimicrobici";"Progressiva riduzione dell'uso di antimicrobici negli allevamenti all'aperto.";;;"87"
"S-P03";"S";"suinicola";"Sicurezza e salute dei lavoratori";"Condizioni di sicurezza e salute dei lavoratori nelle strutture.";;;"87"
"S-P04";"S";"suinicola";"Valorizzazione competenze di norcineria tradizionale";"Capacità della filiera di valorizzare e tramandare competenze artigianali e pratiche di norcineria tradizionali.";;;"87"
"G-P01";"G";"suinicola";"Tracciabilità digitale della catena del valore";"Adozione di sistemi informatici di tracciabilità digitale lungo la catena del valore.";;;"87"
"G-P02";"G";"suinicola";"Conformità alle ordinanze di biosicurezza";"Conformità sanitaria alle ordinanze di biosicurezza territoriale.";;;"87"
"G-P03";"G";"suinicola";"Coordinamento allevatori-trasformatori";"Livello di coordinamento operativo tra allevatori e stabilimenti di trasformazione artigianale.";;;"87"
"G-P04";"G";"suinicola";"Integrazione qualità certificata e commercializzazione";"Capacità di integrare la qualità certificata con strategie di commercializzazione nei canali turistici e della ristorazione d'area.";;;"87"