"comune";"slug";"pagina_pdf";"combinazioni";"lettura"
"Aggius";"aggius";"156";"[{""combinazione"":""Prati artificiali su C2"",""classe_uso_suolo"":""Prati artificiali"",""classe_uso_suolo_normalizzata"":""Prati artificiali"",""unita_pedologica"":""C2"",""rango"":1,""superficie_ha"":805,""incidenza_pct"":9.6},{""combinazione"":""Macchia mediterranea su C2"",""classe_uso_suolo"":""Macchia mediterranea"",""classe_uso_suolo_normalizzata"":""Macchia mediterranea"",""unita_pedologica"":""C2"",""rango"":2,""superficie_ha"":644,""incidenza_pct"":7.7},{""combinazione"":""Prati artificiali su B2"",""classe_uso_suolo"":""Prati artificiali"",""classe_uso_suolo_normalizzata"":""Prati artificiali"",""unita_pedologica"":""B2"",""rango"":3,""superficie_ha"":522,""incidenza_pct"":6.3},{""combinazione"":""Gariga su C2"",""classe_uso_suolo"":""Gariga"",""classe_uso_suolo_normalizzata"":""Gariga"",""unita_pedologica"":""C2"",""rango"":4,""superficie_ha"":490,""incidenza_pct"":5.9},{""combinazione"":""Bosco di latifoglie su C2"",""classe_uso_suolo"":""Bosco di latifoglie"",""classe_uso_suolo_normalizzata"":""Bosco di latifoglie"",""unita_pedologica"":""C2"",""rango"":5,""superficie_ha"":483,""incidenza_pct"":5.8}]";"Le sugherete ricadono soprattutto su C2, C1 e B2. Ciò suggerisce una possibile valorizzazione forestale, ma con forte attenzione al rischio erosivo e alla funzione protettiva delle coperture."
"Aglientu";"aglientu";"158";"[{""combinazione"":""Gariga su C2"",""classe_uso_suolo"":""Gariga"",""classe_uso_suolo_normalizzata"":""Gariga"",""unita_pedologica"":""C2"",""rango"":1,""superficie_ha"":2402,""incidenza_pct"":16.2},{""combinazione"":""Macchia mediterranea su C2"",""classe_uso_suolo"":""Macchia mediterranea"",""classe_uso_suolo_normalizzata"":""Macchia mediterranea"",""unita_pedologica"":""C2"",""rango"":2,""superficie_ha"":2270,""incidenza_pct"":15.3},{""combinazione"":""Prati artificiali su C2"",""classe_uso_suolo"":""Prati artificiali"",""classe_uso_suolo_normalizzata"":""Prati artificiali"",""unita_pedologica"":""C2"",""rango"":3,""superficie_ha"":2051,""incidenza_pct"":13.8},{""combinazione"":""Bosco di latifoglie su C2"",""classe_uso_suolo"":""Bosco di latifoglie"",""classe_uso_suolo_normalizzata"":""Bosco di latifoglie"",""unita_pedologica"":""C2"",""rango"":4,""superficie_ha"":832,""incidenza_pct"":5.6},{""combinazione"":""Macchia mediterranea su C1"",""classe_uso_suolo"":""Macchia mediterranea"",""classe_uso_suolo_normalizzata"":""Macchia mediterranea"",""unita_pedologica"":""C1"",""rango"":5,""superficie_ha"":770,""incidenza_pct"":5.2}]";"La matrice evidenzia che le principali superfici naturali e seminaturali insistono su C2 e C1. Questo rafforza la necessità di leggere il territorio come mosaico da gestire in equilibrio tra conservazione, prevenzione incendi, pascolo regolato e manutenzione della copertura vegetale."
"Badesi";"badesi";"160";"[{""combinazione"":""Macchia mediterranea su C2"",""classe_uso_suolo"":""Macchia mediterranea"",""classe_uso_suolo_normalizzata"":""Macchia mediterranea"",""unita_pedologica"":""C2"",""rango"":1,""superficie_ha"":377,""incidenza_pct"":12.3},{""combinazione"":""Gariga su C2"",""classe_uso_suolo"":""Gariga"",""classe_uso_suolo_normalizzata"":""Gariga"",""unita_pedologica"":""C2"",""rango"":2,""superficie_ha"":359,""incidenza_pct"":11.7},{""combinazione"":""Vigneti su M1"",""classe_uso_suolo"":""Vigneti"",""classe_uso_suolo_normalizzata"":""Vigneti"",""unita_pedologica"":""M1"",""rango"":3,""superficie_ha"":350,""incidenza_pct"":11.4},{""combinazione"":""Seminativi su L1"",""classe_uso_suolo"":""Seminativi"",""classe_uso_suolo_normalizzata"":""Seminativi semplici e colture orticole"",""unita_pedologica"":""L1"",""rango"":4,""superficie_ha"":221,""incidenza_pct"":7.2},{""combinazione"":""Bosco di latifoglie su C2"",""classe_uso_suolo"":""Bosco di latifoglie"",""classe_uso_suolo_normalizzata"":""Bosco di latifoglie"",""unita_pedologica"":""C2"",""rango"":5,""superficie_ha"":184,""incidenza_pct"":6}]";"La matrice indica una distinzione tra ambiti agricoli su M1/L1 e superfici seminaturali su C2. La componente agricola appare più rilevante rispetto alla filiera forestale."
"Bortigiadas";"bortigiadas";"161";"[{""combinazione"":""Bosco di latifoglie su C1"",""classe_uso_suolo"":""Bosco di latifoglie"",""classe_uso_suolo_normalizzata"":""Bosco di latifoglie"",""unita_pedologica"":""C1"",""rango"":1,""superficie_ha"":1489,""incidenza_pct"":19.5},{""combinazione"":""Macchia mediterranea su C1"",""classe_uso_suolo"":""Macchia mediterranea"",""classe_uso_suolo_normalizzata"":""Macchia mediterranea"",""unita_pedologica"":""C1"",""rango"":2,""superficie_ha"":690,""incidenza_pct"":9},{""combinazione"":""Gariga su C1"",""classe_uso_suolo"":""Gariga"",""classe_uso_suolo_normalizzata"":""Gariga"",""unita_pedologica"":""C1"",""rango"":3,""superficie_ha"":646,""incidenza_pct"":8.5},{""combinazione"":""Bosco di latifoglie su C2"",""classe_uso_suolo"":""Bosco di latifoglie"",""classe_uso_suolo_normalizzata"":""Bosco di latifoglie"",""unita_pedologica"":""C2"",""rango"":4,""superficie_ha"":571,""incidenza_pct"":7.5},{""combinazione"":""Boschi misti su C1"",""classe_uso_suolo"":""Boschi misti"",""classe_uso_suolo_normalizzata"":""Boschi misti di conifere e latifoglie"",""unita_pedologica"":""C1"",""rango"":5,""superficie_ha"":355,""incidenza_pct"":4.7}]";"La matrice conferma la prevalenza di coperture forestali e seminaturali su unità pedologiche fragili. Il mantenimento della copertura vegetale ha qui una funzione protettiva centrale."
"Calangianus";"calangianus";"163";"[{""combinazione"":""Bosco di latifoglie su C1"",""classe_uso_suolo"":""Bosco di latifoglie"",""classe_uso_suolo_normalizzata"":""Bosco di latifoglie"",""unita_pedologica"":""C1"",""rango"":1,""superficie_ha"":2038,""incidenza_pct"":16.1},{""combinazione"":""Macchia mediterranea su C1"",""classe_uso_suolo"":""Macchia mediterranea"",""classe_uso_suolo_normalizzata"":""Macchia mediterranea"",""unita_pedologica"":""C1"",""rango"":2,""superficie_ha"":1640,""incidenza_pct"":13},{""combinazione"":""Sugherete su C1"",""classe_uso_suolo"":""Sugherete"",""classe_uso_suolo_normalizzata"":""Sugherete"",""unita_pedologica"":""C1"",""rango"":3,""superficie_ha"":1166,""incidenza_pct"":9.2},{""combinazione"":""Gariga su C1"",""classe_uso_suolo"":""Gariga"",""classe_uso_suolo_normalizzata"":""Gariga"",""unita_pedologica"":""C1"",""rango"":4,""superficie_ha"":1138,""incidenza_pct"":9},{""combinazione"":""Vegetazione rada su C1"",""classe_uso_suolo"":""Vegetazione rada"",""classe_uso_suolo_normalizzata"":""Vegetazione rada"",""unita_pedologica"":""C1"",""rango"":5,""superficie_ha"":1082,""incidenza_pct"":8.5}]";"La matrice mostra che una quota importante delle sugherete e delle coperture forestali insiste su C1. Questo non riduce l’importanza del Comune, ma suggerisce che la valorizzazione debba essere fondata su gestione sostenibile, protezione del suolo e miglioramento forestale, non su intensificazione."
"Luogosanto";"luogosanto";"164";"[{""combinazione"":""Macchia mediterranea su C2"",""classe_uso_suolo"":""Macchia mediterranea"",""classe_uso_suolo_normalizzata"":""Macchia mediterranea"",""unita_pedologica"":""C2"",""rango"":1,""superficie_ha"":2699,""incidenza_pct"":20},{""combinazione"":""Prati artificiali su C2"",""classe_uso_suolo"":""Prati artificiali"",""classe_uso_suolo_normalizzata"":""Prati artificiali"",""unita_pedologica"":""C2"",""rango"":2,""superficie_ha"":2186,""incidenza_pct"":16.2},{""combinazione"":""Bosco di latifoglie su C2"",""classe_uso_suolo"":""Bosco di latifoglie"",""classe_uso_suolo_normalizzata"":""Bosco di latifoglie"",""unita_pedologica"":""C2"",""rango"":3,""superficie_ha"":1956,""incidenza_pct"":14.5},{""combinazione"":""Gariga su C2"",""classe_uso_suolo"":""Gariga"",""classe_uso_suolo_normalizzata"":""Gariga"",""unita_pedologica"":""C2"",""rango"":4,""superficie_ha"":985,""incidenza_pct"":7.3},{""combinazione"":""Aree agroforestali su C2"",""classe_uso_suolo"":""Aree agroforestali"",""classe_uso_suolo_normalizzata"":""Aree agroforestali"",""unita_pedologica"":""C2"",""rango"":5,""superficie_ha"":870,""incidenza_pct"":6.4}]";"La matrice mostra un forte mosaico agroforestale su C2. Questo rende il Comune interessante per valutazioni integrate, purché le limitazioni pedologiche siano considerate nella progettazione."
"Luras";"luras";"165";"[{""combinazione"":""Seminativi non irrigui su C2"",""classe_uso_suolo"":""Seminativi non irrigui"",""classe_uso_suolo_normalizzata"":""Seminativi in aree non irrigue"",""unita_pedologica"":""C2"",""rango"":1,""superficie_ha"":1244,""incidenza_pct"":14.2},{""combinazione"":""Prati artificiali su C2"",""classe_uso_suolo"":""Prati artificiali"",""classe_uso_suolo_normalizzata"":""Prati artificiali"",""unita_pedologica"":""C2"",""rango"":2,""superficie_ha"":808,""incidenza_pct"":9.2},{""combinazione"":""Gariga su C2"",""classe_uso_suolo"":""Gariga"",""classe_uso_suolo_normalizzata"":""Gariga"",""unita_pedologica"":""C2"",""rango"":3,""superficie_ha"":752,""incidenza_pct"":8.6},{""combinazione"":""Macchia mediterranea su C2"",""classe_uso_suolo"":""Macchia mediterranea"",""classe_uso_suolo_normalizzata"":""Macchia mediterranea"",""unita_pedologica"":""C2"",""rango"":4,""superficie_ha"":737,""incidenza_pct"":8.4},{""combinazione"":""Pascolo naturale su C2"",""classe_uso_suolo"":""Pascolo naturale"",""classe_uso_suolo_normalizzata"":""Aree a pascolo naturale"",""unita_pedologica"":""C2"",""rango"":5,""superficie_ha"":710,""incidenza_pct"":8.1}]";"La matrice evidenzia un uso agricolo-pastorale consistente su C2, da leggere con cautela in termini di carichi, erosione e mantenimento della copertura vegetale."
"Santa Teresa Gallura";"santa-teresa-gallura";"167";"[{""combinazione"":""Prati artificiali su C2"",""classe_uso_suolo"":""Prati artificiali"",""classe_uso_suolo_normalizzata"":""Prati artificiali"",""unita_pedologica"":""C2"",""rango"":1,""superficie_ha"":1469,""incidenza_pct"":14.4},{""combinazione"":""Gariga su C2"",""classe_uso_suolo"":""Gariga"",""classe_uso_suolo_normalizzata"":""Gariga"",""unita_pedologica"":""C2"",""rango"":2,""superficie_ha"":1249,""incidenza_pct"":12.3},{""combinazione"":""Gariga su C1"",""classe_uso_suolo"":""Gariga"",""classe_uso_suolo_normalizzata"":""Gariga"",""unita_pedologica"":""C1"",""rango"":3,""superficie_ha"":1177,""incidenza_pct"":11.6},{""combinazione"":""Macchia mediterranea su C1"",""classe_uso_suolo"":""Macchia mediterranea"",""classe_uso_suolo_normalizzata"":""Macchia mediterranea"",""unita_pedologica"":""C1"",""rango"":4,""superficie_ha"":1102,""incidenza_pct"":10.8},{""combinazione"":""Macchia mediterranea su C2"",""classe_uso_suolo"":""Macchia mediterranea"",""classe_uso_suolo_normalizzata"":""Macchia mediterranea"",""unita_pedologica"":""C2"",""rango"":5,""superficie_ha"":997,""incidenza_pct"":9.8}]";"La matrice mostra ampie superfici seminaturali su unità fragili. La funzione protettiva e paesaggistica è centrale."
"Tempio Pausania";"tempio-pausania";"168";"[{""combinazione"":""Prati artificiali su C2"",""classe_uso_suolo"":""Prati artificiali"",""classe_uso_suolo_normalizzata"":""Prati artificiali"",""unita_pedologica"":""C2"",""rango"":1,""superficie_ha"":1986,""incidenza_pct"":9.4},{""combinazione"":""Macchia mediterranea su C1"",""classe_uso_suolo"":""Macchia mediterranea"",""classe_uso_suolo_normalizzata"":""Macchia mediterranea"",""unita_pedologica"":""C1"",""rango"":2,""superficie_ha"":1830,""incidenza_pct"":8.6},{""combinazione"":""Bosco di latifoglie su C1"",""classe_uso_suolo"":""Bosco di latifoglie"",""classe_uso_suolo_normalizzata"":""Bosco di latifoglie"",""unita_pedologica"":""C1"",""rango"":3,""superficie_ha"":1783,""incidenza_pct"":8.4},{""combinazione"":""Macchia mediterranea su C2"",""classe_uso_suolo"":""Macchia mediterranea"",""classe_uso_suolo_normalizzata"":""Macchia mediterranea"",""unita_pedologica"":""C2"",""rango"":4,""superficie_ha"":1410,""incidenza_pct"":6.6},{""combinazione"":""Sugherete su C2"",""classe_uso_suolo"":""Sugherete"",""classe_uso_suolo_normalizzata"":""Sugherete"",""unita_pedologica"":""C2"",""rango"":5,""superficie_ha"":1370,""incidenza_pct"":6.5}]";"La matrice conferma la rilevanza di Tempio per sughero e gestione agroforestale. Una parte importante delle coperture forestali insiste però su C1, con funzione protettiva da considerare."
"Trinità d'Agultu e Vignola";"trinita-d-agultu-e-vignola";"170";"[{""combinazione"":""Macchia mediterranea su C1"",""classe_uso_suolo"":""Macchia mediterranea"",""classe_uso_suolo_normalizzata"":""Macchia mediterranea"",""unita_pedologica"":""C1"",""rango"":1,""superficie_ha"":1822,""incidenza_pct"":13.3},{""combinazione"":""Gariga su C2"",""classe_uso_suolo"":""Gariga"",""classe_uso_suolo_normalizzata"":""Gariga"",""unita_pedologica"":""C2"",""rango"":2,""superficie_ha"":1715,""incidenza_pct"":12.5},{""combinazione"":""Macchia mediterranea su C2"",""classe_uso_suolo"":""Macchia mediterranea"",""classe_uso_suolo_normalizzata"":""Macchia mediterranea"",""unita_pedologica"":""C2"",""rango"":3,""superficie_ha"":1396,""incidenza_pct"":10.2},{""combinazione"":""Gariga su C1"",""classe_uso_suolo"":""Gariga"",""classe_uso_suolo_normalizzata"":""Gariga"",""unita_pedologica"":""C1"",""rango"":4,""superficie_ha"":1020,""incidenza_pct"":7.4},{""combinazione"":""Prati artificiali su C2"",""classe_uso_suolo"":""Prati artificiali"",""classe_uso_suolo_normalizzata"":""Prati artificiali"",""unita_pedologica"":""C2"",""rango"":5,""superficie_ha"":982,""incidenza_pct"":7.2}]";"La matrice mostra una forte presenza di coperture seminaturali su unità fragili. La funzione protettiva della vegetazione è rilevante."
"Viddalba";"viddalba";"171";"[{""combinazione"":""Gariga su C2"",""classe_uso_suolo"":""Gariga"",""classe_uso_suolo_normalizzata"":""Gariga"",""unita_pedologica"":""C2"",""rango"":1,""superficie_ha"":636,""incidenza_pct"":12.8},{""combinazione"":""Macchia mediterranea su C2"",""classe_uso_suolo"":""Macchia mediterranea"",""classe_uso_suolo_normalizzata"":""Macchia mediterranea"",""unita_pedologica"":""C2"",""rango"":2,""superficie_ha"":610,""incidenza_pct"":12.3},{""combinazione"":""Gariga su B2"",""classe_uso_suolo"":""Gariga"",""classe_uso_suolo_normalizzata"":""Gariga"",""unita_pedologica"":""B2"",""rango"":3,""superficie_ha"":259,""incidenza_pct"":5.2},{""combinazione"":""Macchia mediterranea su B2"",""classe_uso_suolo"":""Macchia mediterranea"",""classe_uso_suolo_normalizzata"":""Macchia mediterranea"",""unita_pedologica"":""B2"",""rango"":4,""superficie_ha"":257,""incidenza_pct"":5.2},{""combinazione"":""Bosco di latifoglie su B2"",""classe_uso_suolo"":""Bosco di latifoglie"",""classe_uso_suolo_normalizzata"":""Bosco di latifoglie"",""unita_pedologica"":""B2"",""rango"":5,""superficie_ha"":244,""incidenza_pct"":4.9}]";"La matrice evidenzia coperture seminaturali su C2 e B2, con possibile funzione protettiva e necessità di gestione prudente."