"tipo";"pagina_pdf";"testo";"ordine";"nome";"nota";"ruolo";"competenze"
"finalita";"14";"Definire un quadro d'insieme operativo per lo sviluppo sostenibile dell'Alta Gallura, fornendo ad amministrazioni locali e stakeholder uno strumento conoscitivo e programmatorio avanzato. Lo studio identifica i vettori di crescita idonei a coniugare la tutela del patrimonio forestale e sughericolo con lo sviluppo delle filiere manifatturiere, artigianali e agro-pastorali, tracciando le linee guida per una transizione ecologica fondata sulla gestione attiva del capitale naturale. Lo sviluppo delle filiere bioeconomiche è calibrato sulle tendenze demografiche locali per contrastare le dinamiche recessive e favorire ricambio generazionale e stanzialità nei centri dell'interno.";;;;;
"obiettivo_strategico";"14";"Consolidare il posizionamento dell'Alta Gallura come polo di eccellenza per la bioeconomia forestale a livello regionale e nazionale.";"1";;;;
"obiettivo_strategico";"14";"Valorizzare i servizi ecosistemici del territorio e strutturare un modello di sviluppo locale replicabile in altri contesti interni e montani del Mediterraneo.";"2";;;;
"obiettivo_strategico";"14";"Pianificare un riequilibrio territoriale sistemico che attenui la polarizzazione Costa-Entroterra, riconnettendo le aree a forte dinamismo migratorio e turistico con i borghi interni custodi del capitale forestale e delle filiere identitarie (artigianato del sughero e del granito).";"3";;;;
"obiettivo_operativo";"14";"Definire piani di gestione forestale sostenibile e schede d'azione applicabili alle 11 municipalità dell'Unione dei Comuni, favorendo la rinnovazione naturale delle sugherete e l'avviamento ad alto fusto degli altri popolamenti quercini con funzione protettiva.";"1";;;;
"obiettivo_operativo";"14";"Promuovere la certificazione forestale e la tracciabilità delle produzioni sughericole.";"2";;;;
"obiettivo_operativo";"14";"Incentivare la creazione di Living Lab, lo sviluppo di reti d'impresa e modelli di governance unificati, ad esempio tramite l'ottimizzazione della Centrale Unica di Committenza.";"3";;;;
"obiettivo_operativo";"14";"Integrare i parametri demografici strutturali (coorti scolastiche, tassi di senescenza, scomposizione dei nuclei familiari) nei modelli decisionali locali, per una pianificazione evidence-based di servizi e infrastrutture verdi.";"4";;;;
"destinatario";"14";;;"Amministrazioni locali dell'Unione dei Comuni dell'Alta Gallura";"Destinatario primario dello strumento conoscitivo e programmatorio (pag. 14).";;
"destinatario";"14";;;"Stakeholder territoriali";"Citati genericamente a pag. 14; a pag. 15 la governance include tessuto imprenditoriale privato, agenzie scientifiche regionali e comunità locali.";;
"componente_gruppo_di_lavoro";"18";;"1";"Fabrizio Mureddu";;"Avvocato libero professionista, Direttore di R.I.S.S.T.E.";"Diritto amministrativo, urbanistico e degli Enti Locali; consulente strategico e coordinatore amministrativo per programmi di sviluppo e interventi PNRR; gestione di progetti di ricerca, direzione di enti universitari e comitati scientifici, reti e partenariati pubblico-privati."
"componente_gruppo_di_lavoro";"19";;"2";"Gianfranco Sanna";;"Presidente e co-founder di R.I.S.S.T.E.";"Government Affairs Manager e consulente aziendale strategico; direzione di distretti rurali e aree Natura 2000, progettazione europea, partenariati pubblico-privati."
"componente_gruppo_di_lavoro";"19";;"3";"Maria Fais";;"Dottoressa di Ricerca in Biologia, esperta ambientale, componente esterna della Commissione Ambiente dell'Ordine Nazionale dei Biologi della Sardegna";"Consulente strategica ESG e QHSE; ecologia molecolare, DNA metabarcoding e bioinformatica per il monitoraggio di comunità complesse, piani di interpretazione territoriale, didattica innovativa."
"componente_gruppo_di_lavoro";"19";;"4";"Nicola Garippa";;"Dottore in Scienze Agrarie, agronomo libero professionista";"Oltre venticinque anni di pianificazione agro-silvo-pastorale; direzione manageriale di studi di consulenza agraria, progetti agro-zootecnici, co-estensione di piani di gestione di siti d'interesse comunitario."
"componente_gruppo_di_lavoro";"19";;"5";"Vincenzo Sechi";;"Dottore Agronomo, tecnico faunistico, specialista in pianificazione ambientale e adeguamento dei Piani Urbanistici Comunali";"Progettazione di infrastrutture verdi e agro-ecosistemi; redazione di VIncA, studi di VIA e VAS e piani di gestione per aree protette della Rete Natura 2000."