"ordine";"slug";"nome";"categoria";"da_paragrafo_4_6";"descrizione";"paragrafo";"pagine_pdf"
"1";"sit-gis-green-community";"Sistema Informativo Territoriale (GIS) della Green community";"informativo";"true";"Convergenza di analisi pedologica, incrocio spaziale delle matrici d'uso del suolo e perimetrazione delle vulnerabilità in un SIT dedicato: strumento di supporto alle decisioni per la governance locale, finalizzato alla pianificazione dei carichi zootecnici e forestali sostenibili. Architettura del database, criteri delle matrici d'uso, vincoli fisici e atlante delle cartografie comunali e sovracomunali sono nell'Allegato II.";"4.6";"[89]"
"2";"cruscotto-kpi-baseline";"Cruscotto dei parametri di sostenibilità e baseline territoriale";"informativo";"false";"Set di KPI ESG e baseline ambientali e produttive (Water e Carbon Footprint) per misurare stato di salute delle sugherete, rinnovazione delle querce, erosione, biodiversità e occupazione; nella Fig. 4a alimenta la piattaforma integrata evidence-based.";"4.3.1, 4.7.2, Fig. 4a";"[72,73,90]"
"3";"mappatura-classificazione-sugherete";"Mappatura e classificazione funzionale delle sugherete";"pianificazione";"false";"Classificazione delle superfici sughericole in aree produttive, protettive e di recupero, con verifica dell'accessibilità logistica delle particelle, come base per modelli gestionali differenziati.";"4.4.3, 4.5.2, 4.7.2";"[77,80,90]"
"4";"profili-territoriali-comunali";"Profili di analisi agro-forestale e territoriale comunale";"pianificazione";"false";"Sezioni dedicate ai profili territoriali dei comuni come strumenti tecnico-decisionali: pedologia e profondità dei suoli, suscettibilità erosiva, compatibilità zootecnica, potenzialità della filiera del sughero, vincoli ambientali.";"4.4.3";"[78]"
"5";"piani-gestione-certificazioni";"Piani di gestione forestale sostenibile e certificazioni FSC/PEFC di gruppo";"gestionale";"false";"Protocolli e piani di gestione su standard FSC e PEFC con tracciabilità della catena di custodia; certificazioni di gruppo ottenute tramite la CUC; piani di gestione su durate di almeno venti anni.";"4.5.2, 4.7.3, 4.7.5";"[80,91]"
"6";"contratti-di-filiera";"Contratti di filiera e gestione associata dei proprietari";"economico";"false";"Stipula di contratti di filiera con proprietari forestali, ditte boschive e trasformatori; aggregazione dei piccoli proprietari in forme consortili; estensione a sughero-bioedilizia, granito circolare, legno-energia e carni Premium.";"4.5.1, 4.7.2, 4.7.4";"[79,80,90,91]"
"7";"marchio-territoriale-disciplinari";"Disciplinari di produzione e marchio territoriale per carni da pascolo naturale";"economico";"false";"Disciplinari rigidi e marchio territoriale Premium per carni bovine e suine da pascolo naturale, destinate a ristorazione d'eccellenza, enoturismo e resort costieri.";"4.7.4";"[91]"
"8";"protocolli-biosicurezza";"Protocolli e linee guida di biosicurezza per la filiera suinicola";"gestionale";"false";"Linee guida sanitarie per la separazione tra suini allevati e fauna selvatica, validate con le autorità veterinarie regionali, prerequisito delle aziende pilota.";"4.5.4, 4.7.2";"[86,91]"
"9";"crediti-carbonio";"Certificazione e collocamento dei crediti di carbonio forestale";"economico-ambientale";"false";"Inventario di stock e capacità incrementale dei popolamenti, certificazione dei crediti e collocamento nei mercati volontari, con accesso collettivo tramite CUC, per remunerare i servizi ecosistemici dei proprietari associati.";"4.5.2.4, 4.7.3, 4.7.5";"[83,91]"
"10";"living-lab-territoriale";"Living Lab Territoriale";"governance";"false";"Piattaforma stabile e partecipata di coordinamento scientifico e sociale per definire modelli di sviluppo resiliente e monitorare le performance d'area.";"4.7.5";"[92]"
"11";"aree-pilota-dimostrative";"Aree pilota e dimostrative";"territoriale";"false";"Cantieri nelle sugherete dei poli storici, una o due aziende suinicole semibrade pilota nei comuni interni, aree dimostrative antincendio e programmi di ripristino geomorfologico a Bortigiadas.";"4.7.1";"[89,90]"
"12";"modello-replicabile";"Modello metodologico replicabile";"strategico";"false";"Sistema operativo della Green community esportabile in altri contesti montani e rurali delle isole e del Mediterraneo (Fig. 4a: 'output strategici per Green community'; Fig. 4f: 'Esportazione modello Smart Land').";"4.7.5, Fig. 4a, Fig. 4f";"[72,90,92]"