"tipo";"numero";"nome";"mese_inizio";"mese_fine";"obiettivo";"paragrafo_testo";"pagine_pdf";"fonte";"titolo";"fase";"prosegue_oltre_m36";"area_pilota_comuni";"responsabile";"output_atteso";"numerazione_implicita";"area_pilota_nota";"sezione";"ambito";"comuni";"comuni_seconda_battuta";"descrizione";"ordine";"valore_numerico";"azione_roadmap"
"fase";"1";"Consolidamento baseline e animazione";"1";"6";"Consolidare il sistema conoscitivo territoriale come condizione vincolante per ogni investimento successivo: cruscotto KPI/ESG, mappatura e classificazione funzionale, verifiche pedologiche, censimento e animazione degli attori, protocolli di biosicurezza.";"4.7.2";"[90,91]";"fig-4f + testo";;;;;;;;;;;;;;;;
"fase";"2";"Avvio progetti pilota e certificazioni";"7";"18";"Avviare i cantieri nelle sugherete dei comuni prioritari, le certificazioni di gruppo FSC/PEFC, le linee tagliafuoco e la gestione delle biomasse, le aziende zootecniche pilota e il Living Lab Territoriale.";;"[90]";"fig-4f";;;;;;;;;;;;;;;;
"fase";"3";"Integrazione filiere ed economia circolare";"19";"36";"Estendere gli strumenti di filiera collegando produzione primaria dell'entroterra e mercati costieri: sughero e bioedilizia, sfridi di granito, micro-reti legno-energia, marchio Premium per le carni, centralizzazione dei bandi verdi tramite CUC.";"4.7.4";"[90,91]";"fig-4f + testo";;;;;;;;;;;;;;;;
"fase";"4";"Consolidamento governance e crediti ambientali";"31";"36";"Integrare programmazione dell'Unione e piani forestali su orizzonti poliennali (almeno 20 anni), certificare lo stock di carbonio e collocare i crediti nei mercati volontari, rafforzare la cabina di regia costa-interno ed esportare il modello; le azioni proseguono nel lungo termine oltre M36.";"4.7.3, 4.7.5";"[90,91,92]";"fig-4f + testo";;;;;;;;;;;;;;;;
"azione";"1";;"1";"4";;;"[90]";;"Configurazione KPI ed ESG";"1";"false";;;"Cruscotto dei parametri di sostenibilità per misurare stato di salute delle sugherete, indice di rinnovazione delle querce, tassi di erosione idrica, biodiversità e livelli occupazionali attivati (baseline).";"true";;;;;;;;;
"azione";"2";;"1";"4";;;"[89,90]";;"Mappatura particellare sughero";"1";"false";"[""calangianus"",""tempio-pausania"",""luras"",""aggius"",""luogosanto""]";;"Mappatura e classificazione funzionale della risorsa (produttiva / protettiva / degradata) con verifica dell'accessibilità logistica delle singole particelle forestali.";"true";;;;;;;;;
"azione";"3";;"2";"6";;;"[90]";;"Verifiche pedologiche sul campo";"1";"false";;;"Rilievi diretti nelle aree candidate agli interventi pilota per validare la compatibilità degli usi con spessore utile e stabilità fisica del suolo.";"true";;;;;;;;;
"azione";"4";;"1";"4";;;"[90,91]";;"Animazione e censimento attori";"1";"false";;;"Censimento di proprietari forestali privati, ditte boschive e trasformatori industriali interessati a contratti di filiera e gestione forestale certificata.";"true";;;;;;;;;
"azione";"5";;"2";"6";;;"[91]";;"Protocolli biosicurezza suini";"1";"false";;"In coordinamento con le autorità veterinarie regionali";"Linee guida sanitarie per la separazione tra suini allevati e fauna selvatica e gestione del rischio epidemiologico.";"true";;;;;;;;;
"azione";"6";;"7";"18";;;"[89,90]";;"Cantieri sugherete (CA-TE-LU-AG-LU)";"2";"false";"[""calangianus"",""tempio-pausania"",""luras"",""aggius"",""luogosanto""]";;"Interventi di gestione sostenibile delle sugherete nei poli storici di Calangianus e Tempio Pausania e, in seconda battuta, Luras, Aggius e Luogosanto, distinguendo funzione produttiva, protettiva e zone da densificare.";"false";;;;;;;;;
"azione";"7";;"7";"12";;;"[80,90,91]";;"Certificazioni gruppo FSC/PEFC";"2";"false";;"Centrale Unica di Committenza dell'Unione (certificazioni forestali di gruppo, 4.7.5)";"Certificazioni forestali di gruppo secondo standard FSC/PEFC con tracciabilità della catena di custodia.";"false";;;;;;;;;
"azione";"8";;"7";"14";;;"[90]";;"Linee tagliafuoco e biomassa";"2";"false";;;"Aree dimostrative per la prevenzione degli incendi e la gestione delle biomasse, riducendo la continuità verticale del materiale infiammabile.";"false";"Comuni forestali interni a maggiore accumulo di combustibile fine (non nominati).";;;;;;;;
"azione";"9";;"9";"18";;;"[90]";;"Avvio aziende zootecniche pilota";"2";"false";"[""luogosanto"",""luras"",""aggius""]";;"Una o due aree aziendali pilota per validare modelli di allevamento suinicolo semibrado a bassissimo carico, interamente recintate con doppi sistemi di confinamento.";"false";;;;;;;;;
"azione";"10";;"7";"18";;;"[90,92]";;"Attivazione Living Lab Territoriale";"2";"false";;"Living Lab Territoriale (istituzioni locali, agenzie scientifiche regionali, attori privati)";"Spazio decisionale stabile e partecipato per la definizione dei modelli di sviluppo resiliente e il monitoraggio delle performance d'area.";"false";;;;;;;;;
"azione";"11";;"19";"36";;;"[90,91]";;"Distretto Sughero & Bioedilizia";"3";"false";;;"Valorizzazione avanzata del sughero oltre il packaging enologico: reimpiego nell'artigianato artistico, nella bioedilizia e nel design territoriale certificato.";"false";;;;;;;;;
"azione";"12";;"19";"30";;;"[90,91]";;"Sfridi Granito Circolare";"3";"false";;;"Filiera per l'economia circolare del granito: recupero degli sfridi dei bacini estrattivi per edilizia sostenibile retro-costiera e materiali ceramici innovativi.";"false";;;;;;;;;
"azione";"13";;"25";"36";;;"[90,91]";;"Micro-reti Legno-Energia";"3";"false";;;"Filiere legno-energia a filiera corta: biomasse residuali di selvicoltura e pulizia del sottobosco per caldaie pubbliche e micro-reti termiche comunali, con riduzione dei costi di riscaldamento degli enti e del rischio incendi.";"false";;;;;;;;;
"azione";"14";;"25";"36";;;"[90,91]";;"Lancio commerciale Marchio Premium";"3";"false";;;"Disciplinari di produzione rigidi e marchio territoriale per carni da pascolo naturale (filiera suinicola e bovina Premium) destinate a ristorazione d'eccellenza, enoturismo e resort della costa.";"false";;;;;;;;;
"azione";"15";;"19";"36";;;"[90,91]";;"Centralizzazione bando verde (CUC)";"3";"false";;"Centrale Unica di Committenza dell'Unione";"Gestione unificata dei bandi di gara, certificazioni di gruppo e accesso collettivo ai mercati volontari dei crediti di carbonio (standardizzazione dei processi amministrativi).";"false";;;;;;;;;
"azione";"16";;"31";"36";;;"[90,91]";;"Piani di Gestione Ventennali (PIAO)";"4";"true";;;"Integrazione tra programmazione strategica dell'Unione e piani di gestione forestale su durate poliennali di almeno venti anni; piani di manutenzione del mosaico rurale (pascolo regolato e gestione combinata della biomassa).";"false";;;;;;;;;
"azione";"17";;"31";"36";;;"[83,90,91]";;"Certificazione Carbon Stock";"4";"true";;;"Certificazione dei crediti di carbonio forestale sulla base dell'inventario di stock e capacità incrementale dei popolamenti.";"false";;;;;;;;;
"azione";"18";;"31";"36";;;"[83,90,91]";;"Collocamento crediti volontari";"4";"true";;;"Collocamento dei crediti nei mercati volontari per sostenere la redditività delle aziende rurali interne; accesso collettivo tramite CUC.";"false";;;;;;;;;
"azione";"19";;"31";"36";;;"[90,91]";;"Cabina regia integrata (Costa-Interno)";"4";"true";;"Cabina di regia tecnico-istituzionale dell'Unione dei Comuni";"Modello di governance intercomunale integrata che gestisce in modo centralizzato le risorse naturali connettendo entroterra rurale, poli industriali e gateway costieri.";"false";;;;;;;;;
"azione";"20";;"31";"36";;;"[90,92]";;"Esportazione modello Smart Land";"4";"true";;;"Trasferibilità e replicabilità del modello Green community Alta Gallura in altri contesti montani e rurali delle isole e delle macro-regioni del Mediterraneo. La denominazione 'Smart Land' compare solo nell'infografica.";"false";;;;;;;;;
"area_pilota";;;;;;;"[89]";;;;;;;;;;"4.7.1";"Gestione sostenibile delle sugherete";"[""calangianus"",""tempio-pausania""]";"[""luras"",""aggius"",""luogosanto""]";"Poli produttivi storici; progettazione sul campo che distingue sugherete produttive, aree protettive idrogeologiche e zone degradate da densificare.";;;
"area_pilota";;;;;;;"[89]";;;;;;;;;;"4.7.1";"Gestione integrata del mosaico agroforestale";"[""luogosanto"",""luras"",""aggius""]";;"Test di modelli integrati tra macchia mediterranea, gariga e pascolo arborato, con recupero delle strutture agrarie tradizionali come la rete degli stazzi.";;;
"area_pilota";;;;;;;"[90]";;;;;;;;;;"4.7.1";"Sperimentazione suinicola controllata";"[""luogosanto"",""luras"",""aggius""]";;"Una o due aree aziendali pilota per modelli semibradi a bassissimo carico antropico, interamente recintate con doppi sistemi di confinamento.";;;
"area_pilota";;;;;;;"[90]";;;;;;;;;;"4.7.1";"Prevenzione incendi e gestione biomasse";;;"Aree dimostrative avviate con priorità nei comuni forestali interni a maggiore accumulo di combustibile fine (non nominati).";;;
"area_pilota";;;;;;;"[90]";;;;;;;;;;"4.7.1";"Tutela del suolo e ripristino geomorfologico";"[""bortigiadas""]";;"Contesti a massima fragilità pedologica dell'entroterra collinare, con specifico riferimento a Bortigiadas, esposta a severi rischi di degradazione del substrato.";;;
"azione_prioritaria_baseline";;"Monitoraggio e baseline tramite cruscotto dei parametri di sostenibilità";;;;;"[90]";;;;;;;;;;"4.7.2";;;;"Misura stato di salute delle sugherete, indice di rinnovazione naturale delle querce, tassi reali di erosione idrica, biodiversità e livelli occupazionali attivati.";"1";;
"azione_prioritaria_baseline";;"Mappatura e classificazione funzionale della risorsa";;;;;"[90]";;;;;;;;;;"4.7.2";;;;"Passaggio dal dato cartografico generale alla pianificazione gestionale di dettaglio, verificando l'accessibilità logistica delle particelle forestali.";"2";;
"azione_prioritaria_baseline";;"Verifiche pedologiche e agronomiche sito-specifiche";;;;;"[90]";;;;;;;;;;"4.7.2";;;;"Rilievi diretti sul campo nelle aree candidate ai pilota per validare la compatibilità degli usi con spessore utile e stabilità fisica del suolo.";"3";;
"azione_prioritaria_baseline";;"Censimento e animazione degli attori locali";;;;;"[90,91]";;;;;;;;;;"4.7.2";;;;"Mappatura di proprietari forestali privati, ditte boschive e trasformatori industriali interessati a contratti di filiera e gestione forestale certificata.";"4";;
"azione_prioritaria_baseline";;"Validazione dei protocolli di biosicurezza";;;;;"[91]";;;;;;;;;;"4.7.2";;;;"Linee guida sanitarie per la separazione tra suini allevati e fauna selvatica, in coordinamento con le autorità veterinarie regionali.";"5";;
"governance_futura";;"Integrazione programmazione strategica dell'Unione e piani di gestione forestale";;;;;"[91]";;;;;;;;;;"4.7.3";;;;"Orizzonti temporali coerenti con i cicli biologici della foresta mediterranea; programmi di gestione sostenibile e crediti ambientali su durate poliennali minime di almeno venti anni.";"1";"{""durata_minima_anni"":20}";
"governance_futura";;"Piani di manutenzione del mosaico rurale";;;;;"[91]";;;;;;;;;;"4.7.3";;;;"Linee guida per il pascolo regolato e la gestione combinata della biomassa nel sottobosco, integrando mezzi meccanici e azione ecologica del bestiame estensivo per la prevenzione incendi.";"2";;
"governance_futura";;"Governance intercomunale integrata e cabina di regia";;;;;"[91]";;;;;;;;;;"4.7.3";;;;"Rafforzamento della cabina di regia tecnico-istituzionale dell'Unione per gestire in modo centralizzato le risorse naturali, connettendo entroterra rurale, poli industriali e gateway costieri.";"3";;
"contratto_filiera_ulteriore";;"Sughero avanzato e design ecologico";;;;;"[91]";;;;;;;;;;"4.7.4";;;;"Valorizzazione del sughero oltre il packaging enologico: artigianato artistico, bioedilizia, design territoriale certificato.";"1";;"11"
"contratto_filiera_ulteriore";;"Economia circolare del granito";;;;;"[91]";;;;;;;;;;"4.7.4";;;;"Recupero e riutilizzo degli sfridi di lavorazione dei bacini estrattivi per edilizia sostenibile retro-costiera e materiali ceramici innovativi.";"2";;"12"
"contratto_filiera_ulteriore";;"Legno-energia a filiera corta";;;;;"[91]";;;;;;;;;;"4.7.4";;;;"Biomasse residuali degli interventi selvicolturali e di pulizia del sottobosco per caldaie pubbliche e micro-reti termiche comunali; riduzione dei costi di riscaldamento degli enti e del rischio incendi.";"3";;"13"
"contratto_filiera_ulteriore";;"Filiera suinicola e bovina Premium";;;;;"[91]";;;;;;;;;;"4.7.4";;;;"Disciplinari rigidi e marchio territoriale per carni da pascolo naturale, destinate a ristorazione d'eccellenza, enoturismo e grandi resort della costa gallurese.";"4";;"14"
"living_lab_replicabilita";;"Standardizzazione amministrativa tramite Centrale Unica di Committenza";;;;;"[91]";;;;;;;;;;"4.7.5";;;;"Gestione unificata dei bandi di gara, certificazioni forestali di gruppo, accesso collettivo ai mercati volontari dei crediti di carbonio.";"1";;"15"
"living_lab_replicabilita";;"Living Lab Territoriale";;;;;"[92]";;;;;;;;;;"4.7.5";;;;"Piattaforma di coordinamento scientifico e sociale: spazio decisionale stabile e partecipato con istituzioni locali, agenzie scientifiche regionali e attori privati per definire modelli di sviluppo resiliente e monitorare le performance d'area.";"2";;"10"
"living_lab_replicabilita";;"Trasferibilità e replicabilità del modello";;;;;"[92]";;;;;;;;;;"4.7.5";;;;"Il sistema, fondato sulla sinergia tra poli estrattivi dell'interno, mosaici agro-pastorali intermedi e gateway costieri, è strutturato come modello metodologico esportabile in altri contesti montani e rurali delle isole e del Mediterraneo.";"3";;"20"