"comune";"slug";"fascia";"livello";"saldo_naturale_2002_2023";"saldo_migratorio_2002_2023";"saldo_migratorio_estero_2004_2023";"incidenza_prevalente";"note";"pagine_pdf"
"Aggius";"aggius";"interna";"comune";"-278";"-28";"32";"Negatività da Movimento Naturale";"Saldo migratorio positivo negli ultimi anni della serie: +16 (2021), +15 (2022), +14 (2023). Saldo migratorio con l'estero 2004-2023: +32 (unico comune per cui il dato è riportato).";"[97,98]"
"Aglientu";"aglientu";"costiera";"comune";"-197";"407";;"Compensazione e crescita da Flusso Migratorio";"Nel 2024: saldo naturale -11, saldo migratorio ed estero +19 (par. 'Stima 2035', p.104).";"[101,102]"
"Badesi";"badesi";"costiera";"comune";"-218";"276";;"Compensazione e stabilità da Flusso Migratorio attivo";"Saldo naturale -26 (2022) e -17 (2023); saldo migratorio totale +19 (2021), +11 (2022), +32 (2023), +16 (2024).";"[105,106]"
"Bortigiadas";"bortigiadas";"interna";"comune";"-195";"13";;"Forte recesso demografico causato da saldo naturale negativo non compensato";"Nel 2024: 0 nascite a fronte di 13 decessi (saldo naturale -13).";"[109,110]"
"Calangianus";"calangianus";"interna";"comune";"-423";"-365";;"Forte decrescita indotta dall'azione congiunta di deficit naturale e migratorio";"Saldo naturale 2023: -42 (13 nascite, 55 decessi). Saldo migratorio +17 (2023), -20 (2024).";"[113,114]"
"Luogosanto";"luogosanto";"interna";"comune";"-174";"200";;"Compensazione e stabilità guidata da flussi migratori attivi";"Saldo naturale 2023: -18.";"[118,119]"
"Luras";"luras";"interna";"comune";"-236";"6";;"Decrescita guidata da dinamiche biologiche naturali negative non compensate";"Saldo naturale -18 (2020), -24 (2021), -27 (2022), -15 (2023); picco migratorio +78 nel 2007.";"[123,124]"
"Santa Teresa Gallura";"santa-teresa-gallura";"costiera";"comune";"-263";"1337";;"Forte espansione e compensazione trainata da flussi migratori attivi stanziali";"Saldo naturale -32 (2020), -32 (2021), -35 (2022), -41 (2024); saldo migratorio 2024: +64. Tabella a p.128-129 estratta in modo frammentato: valori verificati nel testo.";"[128,129]"
"Tempio Pausania";"tempio-pausania";"interna";"comune";"-1017";"646";;"Flessione demografica guidata da deficit naturale non compensato dai flussi migratori recenti";"Saldo naturale -132 (2022), -100 (2023), -107 (2024); saldo migratorio +167 (2007), +434 (2013), -77 (2018), -67 (2020), -86 (2021), -3 (2023).";"[133,134]"
"Trinità d'Agultu e Vignola";"trinita-d-agultu-e-vignola";"costiera";"comune";"-183";"518";;"Espansione demografica strutturale guidata interamente da flussi migratori attivi in forte accelerazione";"Saldo naturale cumulato -188 includendo il 2024; saldo migratorio +116 (2023) e +161 (2024).";"[138,139]"
"Viddalba";"viddalba";"interna";"comune";;;;;"La scheda di Viddalba (p.143) non riporta i saldi cumulati 2002-2023. Per differenza rispetto ai totali dell'Asse Interno (Tab. 1b) i valori impliciti sarebbero -218 (naturale) e +276 (migratorio); non essendo scritti nel documento restano null.";"[143,144]"
"Asse Costiero (4 Comuni)";"fascia-costiera";"costiera";"aggregato";"-861";"2538";;"Forte espansione e attrazione demografica complessiva";;"[23]"
"Asse Interno (7 Comuni)";"fascia-interna";"interna";"aggregato";"-2541";"748";;"Spopolamento strutturale per deficit naturale non compensato";;"[23]"
"TOTALE ALTA GALLURA";"totale-alta-gallura";"unione";"aggregato";"-3402";"3286";;"Sostanziale stabilità per compensazione migratoria macro-territoriale";;"[23]"