"slug";"comune";"fascia";"posizione_parte3";"tab_2a";"funzione_territoriale";"ruolo_paesaggistico";"inquadramento";"sugherete_ha";"implicazioni_bosco_sughero";"implicazioni_suinicola";"criticita";"opportunita";"valutazione_preliminare";"sintesi_comparativa";"elementi_identitari";"pagine_fonte"
"aggius";"Aggius";"interna";"settore collinare e montano dell'interno";"{""ambito_territoriale"":""Luogosanto – Luras – Aggius"",""tipologia_territoriale"":""Entroterra"",""funzione_territoriale"":""Sistema agroforestale multifunzionale"",""elementi_paesaggistici_dominanti"":""Mosaici rurali, pascoli arborati, macchia mediterranea"",""ruolo_strategico"":""Conservazione del paesaggio storico, biodiversità diffusa, presidio territoriale"",""pagina_pdf"":37}";"Sistema agroforestale multifunzionale";"Mosaici rurali, pascoli arborati, macchia mediterranea – Conservazione del paesaggio storico, biodiversità diffusa, presidio territoriale";"[""Aggius presenta un assetto territoriale a forte componente rurale, forestale, seminaturale e agro-silvopastorale. La scheda evidenzia una buona rilevanza per la filiera bosco-sughero, ma anche fragilità pedologiche diffuse che impongono cautela per eventuali utilizzi zootecnici estensivi."",""Il Comune di Aggius si configura come un sistema territoriale ad alta densità identitaria, situato nel settore centro-occidentale dell’Alta Gallura; tra il 2001 e il 2023 ha perso oltre il 16 % dei propri abitanti. Il territorio presenta un assetto a forte componente rurale e seminaturale, dominato da sugherete, leccete e macchia mediterranea evoluta, storicamente organizzate attraverso il modello insediativo e produttivo dello stazzo.""]";"574";"Aggius presenta un interesse preliminare medio-alto per la filiera bosco-sughero, con circa 574 ha di sugherete. La presenza su unità C2 e B2 consente di ipotizzare approfondimenti su gestione sostenibile e recupero forestale; la quota su C1 richiede invece prudenza, privilegiando funzioni protettive.";"Il Comune può essere considerato da approfondire solo in chiave pilota e controllata. Prati artificiali, pascoli naturali e alcune superfici agroforestali costituiscono potenziali ambiti di verifica, ma le limitazioni pedologiche sono rilevanti. Le aree su C1 dovrebbero essere considerate tendenzialmente non prioritarie per usi suinicoli.";"[""erosione"",""rocciosità"",""pietrosità"",""suoli poco profondi"",""vulnerabilità della copertura vegetale"",""compatibilità del pascolo con unità pedologiche fragili""]";"[""mappatura aggiornata delle sugherete"",""stato vegetativo e fitosanitario"",""proprietà"",""accessibilità"",""aziende interessate"",""vincoli"",""habitat"",""fauna"",""verifica di eventuali aree pilota""]";"vocazione sughericola medio-alta; interesse suinicolo medio ma solo sperimentale; fragilità pedologica alta";"{""vocazione_sughericola"":""Medio-alta"",""interesse_suinicolo_agroforestale"":""Medio, solo pilota"",""fragilita_pedologica"":""Alta"",""priorita_approfondimento"":""Alta""}";"[""Monti di Aggius e Piana dei Grandi Massi (Valle della Luna), geosito"",""centro storico in granito, Borgo Autentico d’Italia"",""Nuraghe Agnu"",""Museo del Banditismo e Museo Etnografico Oliva Carta Cannas"",""canto polifonico e tessitura artigianale"",""stazzi"",""Sughereta Sperimentale di Cusseddu-Miali-Parapinta""]";"{""scheda_preliminare"":[156,157],""quadro_sinottico_parte3"":[53,54],""tabella_2a"":[37],""sintesi_comparativa"":[172]}"
"aglientu";"Aglientu";"costiera";"fascia costiera ed estuariale";"{""ambito_territoriale"":""Aglientu – Badesi"",""tipologia_territoriale"":""Costa / Interfaccia entroterra-costa"",""funzione_territoriale"":""Interfaccia costa-entroterra"",""elementi_paesaggistici_dominanti"":""Sistemi dunali, retroterra rurale, fasce costiere"",""ruolo_strategico"":""Connessione tra turismo costiero e filiere rurali interne"",""pagina_pdf"":37}";"Interfaccia costa-entroterra";"Sistemi dunali, retroterra rurale, fasce costiere – Connessione tra turismo costiero e filiere rurali interne";"[""Aglientu presenta una forte componente seminaturale e agro-pastorale, con ampia presenza di macchia, gariga, prati artificiali, boschi e pascoli. La vocazione sughericola appare più limitata rispetto ad altri Comuni interni, mentre il tema suinicolo può essere valutato solo con molta cautela, soprattutto per l’elevata diffusione di unità C2 e C1."",""Aglientu si configura come un territorio di transizione tra l’entroterra collinare e il litorale settentrionale; il Rio Vignola costituisce la principale direttrice ecologica e idrologica. La fascia costiera si estende per circa diciotto chilometri e trova la sua massima espressione nell’area di Monte Russu, Zona Speciale di Conservazione della rete Natura 2000.""]";"321";"Le sugherete risultano presenti ma limitate, circa 321 ha. Aglientu non appare, in questa fase, tra i Comuni più forti per la filiera produttiva del sughero, ma può avere interesse per la gestione forestale multifunzionale, il recupero di superfici seminaturali e la prevenzione incendi.";"La presenza di prati artificiali e pascoli naturali rende il Comune meritevole di approfondimento, ma l’elevata incidenza di C2 e C1 richiede forte prudenza. Eventuali ipotesi suinicole dovrebbero concentrarsi su superfici aziendali effettivamente gestibili, recintabili, con suoli meno fragili e fuori dagli ambiti di maggiore sensibilità.";"[""ampie superfici di gariga e macchia su suoli con rischio erosivo"",""possibile fragilità della copertura vegetale"",""rischio di degrado da carichi non controllati"",""necessità di verifica dei vincoli ambientali e costieri""]";"[""gestione del mosaico macchia-gariga-pascolo"",""prevenzione incendi"",""verifica di aree agro-pastorali controllate"",""connessione con il mercato turistico costiero""]";"vocazione sughericola medio-bassa; interesse suinicolo medio ma prudenziale; fragilità pedologica medio-alta";"{""vocazione_sughericola"":""Medio-bassa"",""interesse_suinicolo_agroforestale"":""Medio prudenziale"",""fragilita_pedologica"":""Medio-alta"",""priorita_approfondimento"":""Media""}";"[""Rio Vignola"",""circa 18 km di costa ad alta naturalità (spiagge, dune, ginepreti)"",""Monte Russu (ZSC)"",""resti nuragici di Finucchjaglia e nuraghe Tuttusoni"",""chiesa campestre di San Pancrazio"",""stazzi""]";"{""scheda_preliminare"":[158,159],""quadro_sinottico_parte3"":[56,57],""tabella_2a"":[37],""sintesi_comparativa"":[172]}"
"badesi";"Badesi";"costiera";"fascia costiera ed estuariale";"{""ambito_territoriale"":""Aglientu – Badesi"",""tipologia_territoriale"":""Costa / Interfaccia entroterra-costa"",""funzione_territoriale"":""Interfaccia costa-entroterra"",""elementi_paesaggistici_dominanti"":""Sistemi dunali, retroterra rurale, fasce costiere"",""ruolo_strategico"":""Connessione tra turismo costiero e filiere rurali interne"",""pagina_pdf"":37}";"Interfaccia costa-entroterra";"Sistemi dunali, retroterra rurale, fasce costiere – Connessione tra turismo costiero e filiere rurali interne";"[""Badesi presenta un profilo diverso rispetto ai Comuni più interni: maggiore presenza di seminativi, vigneti, macchia, gariga e boschi, ma assenza di sugherete rilevata nelle tabelle. Il ruolo del Comune appare più connesso a filiere agricole, paesaggio rurale-costiero e possibili mercati di sbocco, piuttosto che alla produzione primaria di sughero."",""Badesi si configura come un fondamentale territorio di transizione tra il sistema fluviale del Coghinas, gli ambienti dunali litoranei e le aree agricole retro-costiere; l’assetto paesaggistico deriva storicamente dall’evoluzione degli stazzi di Muntiggioni e La Tozza. Il continuum costiero è integralmente inserito nel sito Natura 2000 “Foci del Coghinas”.""]";"0";"Le tabelle non evidenziano sugherete. Badesi non deve quindi essere presentato come Comune produttivo sughericolo, almeno sulla base dei dati disponibili. Può però contribuire alla strategia territoriale attraverso paesaggio rurale, turismo, agricoltura, viticoltura e possibili mercati di valorizzazione.";"Il potenziale suinicolo è da valutare con cautela. Le superfici agricole e prative possono offrire spazi di approfondimento, ma M1 presenta rischio erosivo e drenaggio eccessivo. Eventuali iniziative dovranno essere aziendali, controllate, con attenzione a suoli sabbiosi, disponibilità idrica e compatibilità con il contesto turistico-costiero.";"[""erosione su sabbie eoliche"",""pressione costiera/turistica"",""compatibilità paesaggistica"",""limitata presenza forestale sughericola"",""necessità di verifiche ambientali e urbanistiche""]";"[""Comune di collegamento tra filiere rurali e mercato turistico-costiero"",""trasformazione"",""vendita diretta"",""ristorazione"",""turismo rurale"",""prodotti locali""]";"vocazione sughericola bassa; interesse suinicolo medio-basso e aziendale; ruolo potenziale commerciale/turistico";"{""vocazione_sughericola"":""Bassa"",""interesse_suinicolo_agroforestale"":""Medio-bassa"",""fragilita_pedologica"":""Media"",""priorita_approfondimento"":""Media""}";"[""fiume Coghinas e Foci del Coghinas (Natura 2000)"",""sistemi dunali e cordoni retro-dunali"",""stazzi di Muntiggioni e La Tozza"",""viticoltura di qualità e seminativi della piana alluvionale"",""enoturismo e blue-green economy""]";"{""scheda_preliminare"":[159,160],""quadro_sinottico_parte3"":[57,58],""tabella_2a"":[37],""sintesi_comparativa"":[172]}"
"bortigiadas";"Bortigiadas";"interna";"settore collinare e montano dell'interno";"{""ambito_territoriale"":""Bortigiadas"",""tipologia_territoriale"":""Entroterra"",""funzione_territoriale"":""Ambito di protezione ambientale e fragilità pedologica"",""elementi_paesaggistici_dominanti"":""Versanti acclivi, sistemi forestali interni"",""ruolo_strategico"":""Stabilità ecologica, conservazione del suolo, mitigazione erosiva"",""pagina_pdf"":37}";"Ambito di protezione ambientale e fragilità pedologica";"Versanti acclivi, sistemi forestali interni – Stabilità ecologica, conservazione del suolo, mitigazione erosiva";"[""Bortigiadas presenta una forte componente forestale, con boschi di latifoglie, macchia, gariga e boschi misti. La presenza di sugherete è contenuta, ma il Comune appare rilevante per gestione forestale, protezione del suolo e recupero del mosaico agroforestale."",""Bortigiadas rappresenta uno dei contesti demograficamente più fragili dell’intero sistema territoriale dell’Alta Gallura, in posizione strategica di cerniera tra i sistemi collinari granitici dell’interno e la valle del Coghinas, verso il comparto di Casteldoria. Il paesaggio è dominato da versanti acclivi, profonde incisioni vallive, rilievi granitici articolati e diffuse emergenze rocciose.""]";"116";"Le sugherete ammontano a circa 116 ha. La filiera sughericola appare meno rilevante in termini quantitativi rispetto a Calangianus, Tempio o Luras, ma il Comune può avere un ruolo nella gestione forestale sostenibile, nella manutenzione del paesaggio e nella prevenzione del degrado.";"L’interesse per la filiera suinicola è limitato e da trattare con forte cautela. L’elevata presenza di C1 rende poco opportuna una pressione zootecnica diffusa. Eventuali verifiche dovrebbero concentrarsi solo su aree agricole o prative più stabili, fuori dagli ambiti boschivi fragili.";"[""pendenza"",""erosione"",""rocciosità"",""suoli superficiali"",""coperture forestali su unità fragili"",""rischio di alterazione della funzione protettiva""]";"[""gestione forestale protettiva"",""recupero e infittimento della vegetazione naturale"",""prevenzione incendi"",""verifica puntuale delle piccole aree sughericole"",""esclusione delle aree più fragili da usi zootecnici intensivi""]";"vocazione forestale alta; vocazione sughericola medio-bassa; interesse suinicolo basso o solo molto localizzato; fragilità alta";"{""vocazione_sughericola"":""Medio-bassa"",""interesse_suinicolo_agroforestale"":""Bassa/localizzata"",""fragilita_pedologica"":""Alta"",""priorita_approfondimento"":""Media""}";"[""versanti acclivi e rilievi granitici verso la valle del Coghinas e Casteldoria"",""nucleo urbano in granito integrato con la roccia affiorante"",""nuclei rurali storici di Case Pedru Malu e Multa Bianca (stazzi)"",""sugherete, leccete e macchia evoluta"",""serbatoio di carbonio e biodiversità (Carbon Farming)""]";"{""scheda_preliminare"":[161,162],""quadro_sinottico_parte3"":[58,59],""tabella_2a"":[37],""sintesi_comparativa"":[172]}"
"calangianus";"Calangianus";"interna";"settore collinare e montano dell'interno";"{""ambito_territoriale"":""Calangianus – Tempio Pausania"",""tipologia_territoriale"":""Entroterra"",""funzione_territoriale"":""Polo forestale e sughericolo"",""elementi_paesaggistici_dominanti"":""Sugherete, sistemi forestali, paesaggi granitici"",""ruolo_strategico"":""Produzione sughericola, gestione forestale, tutela idrogeologica"",""pagina_pdf"":37}";"Polo forestale e sughericolo";"Sugherete, sistemi forestali, paesaggi granitici – Produzione sughericola, gestione forestale, tutela idrogeologica";"[""Calangianus emerge come uno dei Comuni chiave per la filiera bosco-sughero. Presenta la maggiore superficie di sugherete tra i Comuni analizzati, oltre a boschi di latifoglie, macchia e gariga. Tuttavia, la forte presenza di C1 impone una lettura molto prudente della componente produttiva e zootecnica."",""Calangianus rappresenta il principale polo industriale della filiera sughericola dell’Alta Gallura e si colloca come uno dei più rilevanti distretti europei specializzati nella lavorazione di questa risorsa; tra il 2001 e il 2023 ha perso oltre il 18 % dei propri abitanti. Ospita la più estesa superficie di sugherete dell’Alta Gallura.""]";"2014";"Calangianus è un Comune prioritario per la filiera sughericola. Le circa 2.014 ha di sugherete indicano una rilevanza territoriale elevata. Le successive fasi dovranno verificare stato vegetativo, turni di decortica, qualità del sughero, proprietà, accessibilità, operatori e connessioni con trasformazione e distretto produttivo esistente.";"Il suino agroforestale deve essere trattato come tema secondario e molto controllato. La presenza di vaste aree forestali e sugherete non implica automaticamente idoneità al pascolo suino. Al contrario, la diffusione di C1 e vegetazione rada rende prioritaria la tutela del suolo e della rinnovazione.";"[""sugherete su suoli fragili"",""rischio erosione"",""vegetazione rada su C1"",""necessità di protezione della rinnovazione"",""possibile conflitto tra funzione produttiva e funzione protettiva""]";"[""piano di gestione delle sugherete"",""mappatura di dettaglio"",""distretto rurale del sughero"",""formazione operatori"",""certificazioni"",""filiera corta"",""integrazione con artigianato, bioedilizia, design e turismo esperienziale""]";"vocazione sughericola alta; priorità forestale alta; interesse suinicolo basso-medio solo come sperimentazione controllata; fragilità alta";"{""vocazione_sughericola"":""Alta"",""interesse_suinicolo_agroforestale"":""Basso-medio controllato"",""fragilita_pedologica"":""Alta"",""priorita_approfondimento"":""Molto alta""}";"[""polo industriale del sughero, distretto europeo della lavorazione"",""altopiani granitici e rilievi collinari"",""ex convento settecentesco sede della Mostra del Sughero"",""complessi megalitici"",""saperi artigianali e manifatturieri del sughero"",""hub del Distretto Rurale del Sughero""]";"{""scheda_preliminare"":[162,163],""quadro_sinottico_parte3"":[59,60],""tabella_2a"":[37],""sintesi_comparativa"":[172]}"
"luogosanto";"Luogosanto";"interna";"settore collinare e montano dell'interno";"{""ambito_territoriale"":""Luogosanto – Luras – Aggius"",""tipologia_territoriale"":""Entroterra"",""funzione_territoriale"":""Sistema agroforestale multifunzionale"",""elementi_paesaggistici_dominanti"":""Mosaici rurali, pascoli arborati, macchia mediterranea"",""ruolo_strategico"":""Conservazione del paesaggio storico, biodiversità diffusa, presidio territoriale"",""pagina_pdf"":37}";"Sistema agroforestale multifunzionale";"Mosaici rurali, pascoli arborati, macchia mediterranea – Conservazione del paesaggio storico, biodiversità diffusa, presidio territoriale";"[""Luogosanto presenta una matrice agroforestale molto rilevante, con macchia mediterranea, prati artificiali, boschi, gariga, aree agroforestali e pascoli. È un Comune interessante sia per la gestione forestale sia per eventuali verifiche su modelli agro-silvo-pastorali controllati."",""Luogosanto si colloca nel settore centro-settentrionale dell’Alta Gallura e rappresenta uno dei principali poli storico-devozionali e paesaggistico-culturali dell’intero sistema gallurese, con una delle più elevate concentrazioni di emergenze religiose rurali della Sardegna settentrionale. L’assetto territoriale mostra una marcata dominanza di sistemi silvo-pastorali estensivi, formazioni arbustive mediterranee e coperture forestali stabili.""]";"449";"Le sugherete risultano presenti per circa 449 ha. Luogosanto ha un interesse preliminare medio per la filiera sughero, ma soprattutto per gestione agroforestale, continuità ecologica, prevenzione incendi e possibili interventi multifunzionali.";"Luogosanto è uno dei Comuni più interessanti da approfondire per una possibile sperimentazione suinicola agroforestale controllata, grazie alla presenza combinata di prati artificiali, aree agroforestali e pascoli naturali. Tuttavia, la prevalenza di C2 impone bassi carichi, rotazioni, monitoraggio del suolo e protezione della copertura vegetale.";"[""erosione a tratti su C2"",""presenza di C1"",""possibile vulnerabilità della macchia e della gariga"",""necessità di verificare accessibilità, proprietà, aziende e disponibilità idrica""]";"[""aree pilota agroforestali"",""integrazione tra gestione del sottobosco e allevamento controllato"",""recupero di superfici rurali"",""prevenzione incendi"",""connessione con prodotti locali""]";"vocazione agroforestale alta; vocazione sughericola media; interesse suinicolo medio-alto da verificare; fragilità medio-alta";"{""vocazione_sughericola"":""Media"",""interesse_suinicolo_agroforestale"":""Medio-alta da verificare"",""fragilita_pedologica"":""Medio-alta"",""priorita_approfondimento"":""Alta""}";"[""polo devozionale: chiese campestri, santuari, percorsi di pellegrinaggio"",""Basilica di Nostra Signora di Luogosanto"",""tafoni e ripari granitici"",""stazzi"",""alberi monumentali e sughere secolari, quercia di Crisciuleddu"",""mobilità dolce e turismo rigenerativo""]";"{""scheda_preliminare"":[163,164,165],""quadro_sinottico_parte3"":[60,61],""tabella_2a"":[37],""sintesi_comparativa"":[172]}"
"luras";"Luras";"interna";"settore collinare e montano dell'interno";"{""ambito_territoriale"":""Luogosanto – Luras – Aggius"",""tipologia_territoriale"":""Entroterra"",""funzione_territoriale"":""Sistema agroforestale multifunzionale"",""elementi_paesaggistici_dominanti"":""Mosaici rurali, pascoli arborati, macchia mediterranea"",""ruolo_strategico"":""Conservazione del paesaggio storico, biodiversità diffusa, presidio territoriale"",""pagina_pdf"":37}";"Sistema agroforestale multifunzionale";"Mosaici rurali, pascoli arborati, macchia mediterranea – Conservazione del paesaggio storico, biodiversità diffusa, presidio territoriale";"[""Luras presenta un equilibrio tra seminativi, macchia, gariga, prati artificiali, boschi, pascoli e sugherete. È un Comune interessante per filiera sughero e per eventuali approfondimenti agro-silvo-pastorali, ma con limitazioni pedologiche ricorrenti."",""Luras è collocato nel settore nord-orientale dell’Alta Gallura, in una posizione strategica di connessione tra il massiccio granitico del Limbara e il sistema idrografico del Lago Liscia, con un sistema economico diversificato legato all’agricoltura specializzata, alla viticoltura di qualità e al turismo ambientale e culturale. Il vertice del valore ambientale e identitario è il complesso degli Olivastri Millenari di Santu Baltolu con il Patriarca d’Europa (S’Ozzastru).""]";"645";"Luras presenta un interesse medio-alto per la filiera sughericola. Le sugherete sono significative e inserite in un mosaico agricolo, pastorale e forestale. Sarà necessario distinguere aree produttive, protettive e da recuperare, verificando accessibilità e gestione.";"Luras può essere approfondito per la filiera suinicola agroforestale, soprattutto in relazione a prati artificiali, pascoli e seminativi non irrigui. Tuttavia, la prevalenza di C2 richiede una progettazione prudente, con priorità a superfici già agricole o pascolive e non alle coperture forestali più sensibili.";"[""rischio erosivo su C2"",""pascoli su suoli con limitazioni"",""possibile pressione su gariga/macchia"",""necessità di proteggere sugherete e rinnovazione""]";"[""sugherete"",""aziende agro-zootecniche"",""superfici pilota"",""integrazione tra prodotti agricoli, sughero, carni locali e turismo rurale""]";"vocazione sughericola medio-alta; interesse suinicolo medio; fragilità medio-alta";"{""vocazione_sughericola"":""Medio-alta"",""interesse_suinicolo_agroforestale"":""Media"",""fragilita_pedologica"":""Medio-alta"",""priorita_approfondimento"":""Alta""}";"[""Lago Liscia"",""Olivastri Millenari di Santu Baltolu e S’Ozzastru (Patriarca d’Europa)"",""dolmen e tombe a circolo di Ladas, Billella, Alzoledda e Ciuledda"",""centro urbano compatto in granito"",""viticoltura e olivicoltura di qualità"",""tomba dei giganti di Pascaredda""]";"{""scheda_preliminare"":[165,166],""quadro_sinottico_parte3"":[62,63],""tabella_2a"":[37],""sintesi_comparativa"":[172]}"
"santa-teresa-gallura";"Santa Teresa Gallura";"costiera";"fascia costiera ed estuariale";"{""ambito_territoriale"":""Santa Teresa Gallura"",""tipologia_territoriale"":""Costa"",""funzione_territoriale"":""Polarità turistico-ambientale"",""elementi_paesaggistici_dominanti"":""Paesaggi costieri, macchia mediterranea, sistemi rocciosi"",""ruolo_strategico"":""Accessibilità territoriale e valorizzazione ambientale"",""pagina_pdf"":37}";"Polarità turistico-ambientale";"Paesaggi costieri, macchia mediterranea, sistemi rocciosi – Accessibilità territoriale e valorizzazione ambientale";"[""Santa Teresa Gallura presenta una forte componente seminaturale e costiera, con gariga, macchia mediterranea, prati artificiali e aree a ricolonizzazione. Le tabelle non riportano sugherete. Il ruolo del Comune appare più legato a paesaggio, turismo, mercato di sbocco e gestione ambientale che alla produzione primaria di sughero."",""Santa Teresa Gallura rappresenta uno dei principali poli demografici e funzionali dell’Alta Gallura costiera, principale nodo costiero settentrionale della subregione e gateway territoriale e transfrontaliero tra la Gallura, le Bocche di Bonifacio e le reti di mobilità marittima. Il valore ecologico è suggellato dalla Zona Speciale di Conservazione di Capo Testa e dall’Area Marina Protetta Capo Testa – Punta Falcone.""]";"0";"Non risultano sugherete nei dati comunali analizzati. Santa Teresa Gallura non va quindi letta come Comune produttivo sughericolo, ma come possibile area di connessione commerciale e turistica per prodotti territoriali provenienti dagli altri Comuni.";"Il tema suinicolo va trattato con cautela. La presenza di prati artificiali può essere oggetto di verifica, ma la forte componente di gariga e macchia su C1/C2, insieme al contesto turistico-costiero, suggerisce di evitare modelli estensivi non controllati.";"[""sensibilità paesaggistica e ambientale"",""fragilità dei suoli"",""pressione turistica"",""possibile presenza di habitat costieri"",""rischio di conflitto tra attività zootecnica e fruizione turistica""]";"[""mercato di sbocco"",""luogo di ristorazione identitaria"",""vetrina turistica"",""nodo commerciale per carni locali e prodotti legati alla Green Community""]";"vocazione sughericola bassa; interesse suinicolo basso-medio solo aziendale; ruolo turistico-commerciale alto";"{""vocazione_sughericola"":""Bassa"",""interesse_suinicolo_agroforestale"":""Basso-medio"",""fragilita_pedologica"":""Medio-alta"",""priorita_approfondimento"":""Media, soprattutto commerciale""}";"[""porto e gateway sulle Bocche di Bonifacio"",""impianto urbano ottocentesco sabaudo a maglia ortogonale"",""complesso nuragico di Lu Brandali"",""tafoni e sistemi rocciosi di Capo Testa"",""ZSC Capo Testa e Area Marina Protetta Capo Testa – Punta Falcone"",""blue-green economy""]";"{""scheda_preliminare"":[166,167],""quadro_sinottico_parte3"":[63,64],""tabella_2a"":[37],""sintesi_comparativa"":[172]}"
"tempio-pausania";"Tempio Pausania";"interna";"settore collinare e montano dell'interno";"{""ambito_territoriale"":""Calangianus – Tempio Pausania"",""tipologia_territoriale"":""Entroterra"",""funzione_territoriale"":""Polo forestale e sughericolo"",""elementi_paesaggistici_dominanti"":""Sugherete, sistemi forestali, paesaggi granitici"",""ruolo_strategico"":""Produzione sughericola, gestione forestale, tutela idrogeologica"",""pagina_pdf"":37}";"Polo forestale e sughericolo";"Sugherete, sistemi forestali, paesaggi granitici – Produzione sughericola, gestione forestale, tutela idrogeologica";"[""Tempio Pausania è uno dei Comuni centrali del progetto per dimensione territoriale, presenza forestale, sugherete, prati artificiali, seminativi e potenziale ruolo di governance. Presenta una forte vocazione bosco-sughero, ma anche rilevanti criticità pedologiche."",""Tempio Pausania rappresenta il principale polo urbano e amministrativo dell’Alta Gallura interna, centro di riferimento sovracomunale per servizi pubblici, funzioni scolastiche, attività sanitarie e governance territoriale. Il territorio comunale è impostato sulla struttura granitica del massiccio del Limbara, in gran parte Zona Speciale di Conservazione della rete Natura 2000.""]";"1937";"Tempio Pausania è un Comune prioritario per la filiera sughero, con circa 1.937 ha di sugherete. La presenza di sugherete su C2 suggerisce possibilità di approfondimento gestionale; quelle su C1 richiedono maggiore cautela. Tempio può inoltre assumere un ruolo di coordinamento territoriale per filiera, governance, servizi e trasformazione.";"Tempio presenta interesse per approfondimenti suinicoli, soprattutto per la presenza di prati artificiali e seminativi. Tuttavia, l’uso delle aree forestali e delle sugherete dovrà essere molto selettivo. Eventuali progetti pilota dovranno privilegiare superfici agricole e agro-silvo-pastorali gestibili, con esclusione delle aree fragili.";"[""ampia superficie su C1"",""rischio erosione"",""necessità di distinguere sugherete produttive e protettive"",""complessità gestionale dovuta alla dimensione comunale""]";"[""cabina di regia"",""mappatura sugherete"",""gestione forestale integrata"",""aree pilota"",""raccordo con trasformazione"",""possibile collegamento con mattatoio/trasformazione"",""governance delle filiere""]";"vocazione sughericola alta; interesse suinicolo medio-alto da verificare; ruolo governance alto; fragilità medio-alta";"{""vocazione_sughericola"":""Alta"",""interesse_suinicolo_agroforestale"":""Medio-alta da verificare"",""fragilita_pedologica"":""Medio-alta"",""priorita_approfondimento"":""Molto alta""}";"[""massiccio del Limbara (1359 m) e ZSC Monte Limbara"",""centro storico in granito grigio e rosa"",""chiese monumentali e palazzi nobiliari"",""tradizioni corali e Carnevale"",""Nuraghe Majori e Nuraghe Budas"",""polo AGRIS per la sughericoltura"",""mattatoio di Tempio""]";"{""scheda_preliminare"":[168,169],""quadro_sinottico_parte3"":[64,65],""tabella_2a"":[37],""sintesi_comparativa"":[172]}"
"trinita-d-agultu-e-vignola";"Trinità d'Agultu e Vignola";"costiera";"fascia costiera ed estuariale";"{""ambito_territoriale"":""Trinità d'Agultu e Vignola"",""tipologia_territoriale"":""Costa"",""funzione_territoriale"":""Ambito di integrazione ecosistemica e turistico-costiera"",""elementi_paesaggistici_dominanti"":""Sistemi collinari e costieri integrati"",""ruolo_strategico"":""Connessione economica, ambientale e paesaggistica tra costa e aree interne"",""pagina_pdf"":37}";"Ambito di integrazione ecosistemica e turistico-costiera";"Sistemi collinari e costieri integrati – Connessione economica, ambientale e paesaggistica tra costa e aree interne";"[""Trinità d'Agultu e Vignola presenta una forte componente di macchia, gariga, prati artificiali, boschi e pascoli, con presenza limitata di sugherete. Il Comune appare rilevante per gestione del paesaggio mediterraneo, prevenzione incendi, connessione costa-interno e possibili sbocchi turistico-commerciali."",""Trinità d'Agultu e Vignola presenta una struttura fortemente influenzata dalla dicotomia territoriale tra la fascia costiera turistica e l’entroterra rurale, nell’Alta Gallura nord-occidentale, dove rilievi granitici, sistemi vallivi, falesie costiere e cale sabbiose generano un paesaggio ad alta complessità. Il Rio Vignola è la principale direttrice idrologica; il litorale è tutelato in parte dalla ZPS “Da Capo Testa all’Isola Rossa”.""]";"211";"La presenza di sugherete è limitata ma non assente. Il Comune non appare prioritario per produzione sughericola primaria, ma può contribuire alla rete territoriale attraverso gestione forestale, prevenzione incendi e valorizzazione paesaggistica.";"La presenza di prati artificiali e pascoli naturali suggerisce un possibile approfondimento, ma da condurre con cautela. Il contesto costiero/turistico e l’ampia diffusione di C1/C2 rendono preferibili eventuali sperimentazioni aziendali molto controllate e non diffuse.";"[""gariga e macchia su suoli fragili"",""rischio erosione"",""vegetazione rada"",""pressione turistica"",""necessità di verificare habitat e vincoli costieri""]";"[""connessione con turismo e ristorazione"",""gestione del mosaico mediterraneo"",""prevenzione incendi"",""valorizzazione di prodotti territoriali"",""eventuali aziende pilota in aree non fragili""]";"vocazione sughericola medio-bassa; interesse suinicolo medio ma prudenziale; ruolo turistico-commerciale medio-alto";"{""vocazione_sughericola"":""Medio-bassa"",""interesse_suinicolo_agroforestale"":""Medio prudenziale"",""fragilita_pedologica"":""Medio-alta"",""priorita_approfondimento"":""Media""}";"[""Rio Vignola"",""falesie, cale sabbiose e sistemi dunali"",""Domus de Janas di Conca di Li Fati"",""Torre aragonese di Vignola"",""ZPS Da Capo Testa all’Isola Rossa"",""stazzi dell’entroterra"",""porto di Isola Rossa""]";"{""scheda_preliminare"":[169,170],""quadro_sinottico_parte3"":[65,66],""tabella_2a"":[37],""sintesi_comparativa"":[172]}"
"viddalba";"Viddalba";"interna";"cerniera idrografica e di transizione tra fascia costiera e interno (pag. 53); classificata 'interna'/entroterra nella lettura demografica dello studio (7 Comuni)";"{""ambito_territoriale"":""Viddalba"",""tipologia_territoriale"":""Interfaccia entroterra-costa"",""funzione_territoriale"":""Sistema fluviale e agricolo di connessione territoriale"",""elementi_paesaggistici_dominanti"":""Piana del Coghinas, sistemi agricoli, corridoi ecologici fluviali"",""ruolo_strategico"":""Connessione ecologica e produttiva tra Alta Gallura, aree costiere e sistema del Coghinas"",""pagina_pdf"":37}";"Sistema fluviale e agricolo di connessione territoriale";"Piana del Coghinas, sistemi agricoli, corridoi ecologici fluviali – Connessione ecologica e produttiva tra Alta Gallura, aree costiere e sistema del Coghinas";"[""Viddalba presenta un territorio con gariga, macchia mediterranea, boschi di latifoglie, prati artificiali e pascoli naturali. La presenza di sugherete è molto limitata. Il Comune appare interessante per gestione del mosaico rurale-seminaturale e per eventuali approfondimenti agro-pastorali, ma non come asse primario della filiera sughericola."",""Viddalba si colloca nel settore sud-occidentale dell’Alta Gallura come territorio di transizione tra il sistema collinare interno e la piana alluvionale del medio corso del fiume Coghinas; l’acqua rappresenta l’elemento identitario e funzionale dominante del paesaggio. L’elemento di maggiore spicco è costituito dalle sorgenti termali di Casteldoria; la bassa valle del Coghinas ricade parzialmente nel sito Natura 2000 “Foci del Coghinas”.""]";"52";"La presenza di sugherete è marginale. Viddalba non appare Comune prioritario per la filiera sughero produttiva, ma può rientrare in una strategia più ampia di gestione forestale, paesaggio rurale e connessione con economie locali.";"Il Comune può essere oggetto di approfondimento limitato per la filiera suinicola, soprattutto in relazione a prati artificiali e pascoli naturali. La presenza di B2 e C2 richiede cautela per rischio erosivo e condizioni di suoli poco o mediamente profondi. Le aree su C1 devono essere trattate con maggiore prudenza.";"[""gariga e macchia su unità con limitazioni"",""rischio erosione"",""sugherete marginali"",""necessità di verificare disponibilità aziendali, idrica e infrastrutturale""]";"[""aziende agro-pastorali"",""gestione del mosaico macchia-gariga-pascolo"",""possibili superfici pilota controllate"",""connessione con trasformazione e vendita locale""]";"vocazione sughericola bassa; interesse suinicolo medio-basso; fragilità media; ruolo agro-pastorale da approfondire";"{""vocazione_sughericola"":""Bassa"",""interesse_suinicolo_agroforestale"":""Medio-bassa"",""fragilita_pedologica"":""Media"",""priorita_approfondimento"":""Media""}";"[""piana alluvionale e terrazzi del fiume Coghinas"",""sorgenti termali di Casteldoria"",""necropoli puniche e romane con stele figurate (museo civico)"",""Foci del Coghinas (Natura 2000, parziale)"",""corridoio ecologico fluviale"",""porta d’accesso ecologica all’Alta Gallura""]";"{""scheda_preliminare"":[170,171],""quadro_sinottico_parte3"":[67,68],""tabella_2a"":[37],""sintesi_comparativa"":[172]}"