"tipo";"nome";"descrizione";"descrizione_fig_4b";"pagina_pdf";"definizione";"unita";"applicazione_generale";"applicazione_sughero";"applicazione_bovina";"applicazione_suinicola";"pagine_pdf";"filiera";"valore";"nota"
"servizio_ecosistemico";"Regolazione microclimatica";"Servizio essenziale erogato dalle matrici forestali, agro-silvo-pastorali e seminaturali dell'Alta Gallura.";;"74";;;;;;;;;;
"servizio_ecosistemico";"Conservazione della biodiversità e resilienza degli habitat";"Conservazione della biodiversità; nella Fig. 4b associata ai mosaici agro-silvo-pastorali complessi con habitat prioritari Rete Natura 2000, corridoi ecologici e biodiversità fitogeografica, verso equilibrio ecosistemico e presidio territoriale.";"Mosaici agro-silvo-pastorali complessi: habitat prioritari Rete Natura 2000, corridoi ecologici, biodiversità fitogeografica.";"74";;;;;;;;;;
"servizio_ecosistemico";"Protezione del suolo";"Protezione attiva del suolo dall'erosione idrica, in particolare su suoli sottili e vulnerabili del substrato granitico.";"Contrasto all'erosione e al ruscellamento superficiale su suoli sottili e vulnerabili.";"74";;;;;;;;;;
"servizio_ecosistemico";"Regolazione idrologica";"Regimazione idrologica dei bacini; i sistemi forestali estensivi contribuiscono alla regimazione dei versanti granitici, alla ricarica delle falde e alla ritenzione delle acque meteoriche nel suolo.";"Intercettazione idrica da parte della vegetazione, ritenzione e infiltrazione nel suolo.";"74";;;;;;;;;;
"servizio_ecosistemico";"Regimazione idraulica e stabilità dei versanti";"Gestione dei deflussi superficiali e riduzione del rischio idrogeologico (Fig. 4b); nel testo 4.4.2 collegata a conservazione della copertura vegetale e recupero delle sistemazioni idraulico-agrarie tradizionali.";"Gestione dei deflussi superficiali, regimazione idraulica e riduzione del rischio idrogeologico.";"75";;;;;;;;;;
"servizio_ecosistemico";"Contenimento dei processi erosivi";"Contenimento dei processi erosivi, servizio elencato tra quelli essenziali del territorio.";;"74";;;;;;;;;;
"servizio_ecosistemico";"Contrasto alla desertificazione";"Contrasto alla desertificazione, servizio elencato tra quelli essenziali del territorio.";;"74";;;;;;;;;;
"servizio_ecosistemico";"Sequestro e stoccaggio del carbonio";"Le sugherete e i sistemi agroforestali associati sono infrastrutture verdi per lo stoccaggio e il sequestro continuativo del carbonio atmosferico; la scortecciatura periodica stimola l'attività fotosintetica della Quercus suber e incrementa la fissazione di CO2.";"Stoccaggio continuativo in biomassa arborea e sostanza organica del suolo.";"74";;;;;;;;;;
"servizio_ecosistemico";"Pascolo come servizio ecosistemico per la resilienza";"Nell'interazione bosco-zootecnia il pascolo controllato funge da servizio ecosistemico: riduzione del combustibile fine, pulizia del sottobosco, prevenzione incendi a tutela delle sugherete.";;"83";;;;;;;;;;
"impronta";"Carbon Footprint";;;;"Metodologia di riferimento per quantificare le emissioni complessive di gas climalteranti lungo il ciclo di vita di prodotti, processi o sistemi territoriali, espresse in tonnellate di CO2 equivalente.";"t CO2 eq";"Mappare le sorgenti emissive delle fasi di filiera: gestione forestale, allevamento estensivo, trasformazione industriale nei distretti del sughero o del granito, logistica, consumi energetici, gestione dei residui di biomassa. Strategico per futuri schemi di Carbon Farming.";"Confini: carburanti nei cantieri (decortica, primo trasporto), logistica verso gli stabilimenti, consumi energetici di stagionatura, taglio, finitura e packaging dei tappi. Dati parametrati per unità di prodotto e integrati con la capacità di assorbimento della sughereta, che può compensare o azzerare l'impronta di trasporto e manifattura.";"Driver: metano da fermentazione enterica, stoccaggio e maturazione dei reflui, carbonio incorporato nei mangimi, logistica e macellazione. Baseline per orientare ottimizzazione nutrizionale, efficienza riproduttiva e riorganizzazione logistica.";"Driver: gas serra dell'allevamento sul campo, stoccaggio/trattamento/maturazione dei reflui, mangimi di supporto, trasporti, macellazione, conservazione refrigerata e stagionatura dei salumi. Valori generalmente inferiori alla filiera bovina; possibilità di compensazione indiretta tramite integrazione con i sistemi forestali.";"[73,82,85,88]";;;
"impronta";"Water Footprint";;;;"Riferimento metodologico per quantificare i consumi idrici diretti e indiretti dei sistemi produttivi, distinguendo componente blu (acqua sotterranea e superficiale prelevata), verde (acqua piovana incorporata o evaporata dal suolo) e grigia (volume necessario a diluire gli inquinanti secondo gli standard di qualità).";;"Di fondamentale interesse per le filiere zootecniche dell'Alta Gallura e della piana del Coghinas: prati artificiali e mangimi, abbeveraggio, lavaggio e sanificazione, trasformazione agroalimentare.";"Focalizzata quasi esclusivamente sulla componente industriale nei poli di Calangianus e Tempio Pausania: prelievi per bollitura del sughero plancia ed efficienza di depurazione e riciclo delle acque di processo (recupero delle frazioni fenoliche). I sistemi forestali non richiedono input idrici artificiali.";"Prelievi diretti per abbeveraggio e sanificazione; indiretti per prati artificiali e mangimi complementari. Pascoli naturali e bassa densità contengono l'impronta grigia; necessario monitoraggio dei punti di approvvigionamento per il deficit idrico estivo.";"Prelievi diretti per abbeveraggio e sanificazione di strutture e laboratori; indiretti per mangimi complementari. Ghiande, radici e frutti spontanei e il pascolamento estensivo contengono parte degli impatti idrici.";"[73,74,82,85,88]";;;
"carbon_farming_definizione";"Carbon Farming";;;"74";"Insieme di pratiche gestionali orientate al rafforzamento della capacità di assorbimento del carbonio attraverso gestione forestale sostenibile, incremento guidato della biomassa, miglioramento della qualità organica del suolo e valorizzazione energetica o industriale delle biomasse residuali. Asse di sviluppo integrato tra tutela del capitale naturale e diversificazione economica della filiera bosco-sughero e dei sistemi agro-pastorali, con accesso potenziale ai mercati volontari dei crediti di carbonio.";;;;;;;;;
"carbon_farming_pratica";"Gestione forestale attiva e sostenibile";"Diradamenti selettivi, cure colturali e potature di formazione su sugherete demaniali e private per massimizzare l'incremento annuale della biomassa legnosa e la resilienza.";;"83";;;;;;;;"sughero";;
"carbon_farming_pratica";"Tutela della qualità organica dei suoli eluviali granitici";"Divieto di lavorazioni meccaniche profonde e di carichi zootecnici eccessivi che degradano il suolo e disperdono il carbonio pedologico superficiale.";;"83";;;;;;;;"sughero";;
"carbon_farming_pratica";"Inventario dello stock e certificazione dei crediti";"Quantificazione di stock vegetale e capacità incrementale dei popolamenti come base per inserire i proprietari associati in schemi di remunerazione dei servizi ecosistemici e collocare crediti forestali nei mercati volontari.";;"83";;;;;;;;"sughero";;
"carbon_farming_pratica";"Pascolamento turnato e pianificato";"Schemi di pascolamento turnato per evitare il sovrapascolo e favorire l'incremento della sostanza organica e la fissazione del carbonio organico nel terreno.";;"85";;;;;;;;"bovina";;
"carbon_farming_pratica";"Miglioramento della copertura vegetale e integrazione silvo-pastorale";"Miglioramento della copertura erbacea e arbustiva contro il ruscellamento e integrazione programmata del bestiame nei sistemi silvo-pastorali stabili; quantificazione della capacità di stoccaggio dei suoli asserviti.";;"85";;;;;;;;"bovina";;
"carbon_farming_pratica";"Pascolamento controllato per la riduzione del combustibile";"Bestiame come fattore di riduzione naturale del combustibile fine nel sottobosco, a mitigazione del rischio incendi e protezione dei serbatoi di carbonio delle sugherete stabili.";;"88";;;;;;;;"suinicola";;
"carbon_farming_pratica";"Incremento della sostanza organica nei suoli forestali";"Miglioramento della qualità biologica dei suoli forestali con divieto di carichi eccessivi che provochino erosione o compattamento; quantificazione di capacità di stoccaggio e funzionalità ecologica dei suoli.";;"88";;;;;;;;"suinicola";;
"carbon_farming_variabile";"Stock di carbonio complessivo";;;"74";;;;;;;;;;
"carbon_farming_variabile";"Capacità annuale di sequestro dei popolamenti";;;"74";;;;;;;;;;
"carbon_farming_variabile";"Stato fitosanitario delle superfici boscate";;;"74";;;;;;;;;;
"carbon_farming_variabile";"Indici di fertilità dei suoli";;;"74";;;;;;;;;;
"carbon_farming_variabile";"Livello generale di funzionalità ecosistemica";;;"74";;;;;;;;;;
"valore_numerico";"Durata minima degli schemi di gestione sostenibile e crediti ambientali";;;"91";;"anni";;;;;;;"20";"Programmi di gestione sostenibile e crediti ambientali strutturati su durate poliennali minime di almeno venti anni per garantire permanenza dello stock (4.7.3)."
"valore_numerico";"Sequestro di carbonio per ettaro";;;"74";;"t CO2/ha";;;;;;;;"Non quantificato nel documento: la fase è dichiaratamente preliminare (pag. 74)."