"comune";"slug";"fascia";"stranieri_2025";"stranieri_pct";"provenienza_continenti";"principali_paesi";"note_stranieri";"utenza_scolastica_0_18";"cicli_scolastici";"coorti_per_eta";"note_scuola";"pagine_pdf"
"Aggius";"aggius";"interna";"22";"1.6";"[{""area"":""Europa"",""quota_pct"":68.18,""paesi"":""Francia, Romania, Ucraina, Germania, Svizzera, Russia""},{""area"":""Africa"",""quota_pct"":31.82,""paesi"":""Marocco""}]";"[]";;"107";"[{""ciclo"":""asilo_nido_0_2"",""etichetta"":""Asilo Nido (0-2 anni)"",""alunni"":16},{""ciclo"":""infanzia_3_5"",""etichetta"":""Scuola dell'Infanzia (3-5 anni)"",""alunni"":12},{""ciclo"":""primaria_6_10"",""etichetta"":""Scuola Primaria (6-10 anni)"",""alunni"":33},{""ciclo"":""secondaria_i_11_13"",""etichetta"":""Scuola Secondaria I Grado (11-13 anni)"",""alunni"":16},{""ciclo"":""secondaria_ii_14_18"",""etichetta"":""Scuola Secondaria II Grado (14-18 anni)"",""alunni"":30}]";"[{""eta"":0,""alunni"":8},{""eta"":1,""alunni"":6},{""eta"":2,""alunni"":2},{""eta"":3,""alunni"":5},{""eta"":4,""alunni"":5},{""eta"":5,""alunni"":2},{""eta"":6,""alunni"":8},{""eta"":7,""alunni"":12},{""eta"":8,""alunni"":5},{""eta"":9,""alunni"":2},{""eta"":10,""alunni"":6},{""eta"":11,""alunni"":6},{""eta"":12,""alunni"":7},{""eta"":13,""alunni"":3},{""eta"":14,""alunni"":3},{""eta"":15,""alunni"":4},{""eta"":16,""alunni"":7},{""eta"":17,""alunni"":6},{""eta"":18,""alunni"":10}]";;"[98,99,100]"
"Aglientu";"aglientu";"costiera";"121";"10.1";"[{""area"":""Europa"",""quota_pct"":90.08}]";"[{""paese"":""Romania"",""quota_pct"":24.79},{""paese"":""Germania"",""quota_pct"":17.36},{""paese"":""Svizzera"",""quota_pct"":9.09}]";;"147";"[{""ciclo"":""asilo_nido_0_2"",""etichetta"":""Asilo Nido (0-2 anni)"",""alunni"":27},{""ciclo"":""infanzia_3_5"",""etichetta"":""Scuola dell'Infanzia (3-5 anni)"",""alunni"":23},{""ciclo"":""primaria_6_10"",""etichetta"":""Scuola Primaria (6-10 anni)"",""alunni"":32},{""ciclo"":""secondaria_i_11_13"",""etichetta"":""Scuola Secondaria I Grado (11-13 anni)"",""alunni"":28},{""ciclo"":""secondaria_ii_14_18"",""etichetta"":""Scuola Secondaria II Grado (14-18 anni)"",""alunni"":37}]";"[{""eta"":0,""alunni"":13},{""eta"":1,""alunni"":7},{""eta"":2,""alunni"":7,""stranieri_pct"":28.6},{""eta"":3,""alunni"":8},{""eta"":4,""alunni"":8},{""eta"":5,""alunni"":7},{""eta"":6,""alunni"":9},{""eta"":7,""alunni"":6},{""eta"":8,""alunni"":6},{""eta"":9,""alunni"":7},{""eta"":10,""alunni"":4},{""eta"":11,""alunni"":11},{""eta"":12,""alunni"":8},{""eta"":13,""alunni"":9},{""eta"":14,""alunni"":3},{""eta"":15,""alunni"":7},{""eta"":16,""alunni"":8},{""eta"":17,""alunni"":15},{""eta"":18,""alunni"":4}]";;"[101,103,104]"
"Badesi";"badesi";"costiera";"79";"4.3";"[{""area"":""Europa"",""quota_pct"":88.61}]";"[{""paese"":""Romania"",""quota_pct"":34.18},{""paese"":""Ucraina"",""quota_pct"":16.46},{""paese"":""Federazione Russa"",""quota_pct"":11.39}]";;"159";"[{""ciclo"":""asilo_nido_0_2"",""etichetta"":""Asilo Nido (0-2 anni)"",""alunni"":15},{""ciclo"":""infanzia_3_5"",""etichetta"":""Scuola dell'Infanzia (3-5 anni)"",""alunni"":21},{""ciclo"":""primaria_6_10"",""etichetta"":""Scuola Primaria (6-10 anni)"",""alunni"":44},{""ciclo"":""secondaria_i_11_13"",""etichetta"":""Scuola Secondaria I Grado (11-13 anni)"",""alunni"":27},{""ciclo"":""secondaria_ii_14_18"",""etichetta"":""Scuola Secondaria II Grado (14-18 anni)"",""alunni"":52}]";"[{""eta"":0,""alunni"":6},{""eta"":1,""alunni"":3},{""eta"":2,""alunni"":6},{""eta"":3,""alunni"":9},{""eta"":4,""alunni"":9},{""eta"":5,""alunni"":3},{""eta"":6,""alunni"":5},{""eta"":7,""alunni"":8},{""eta"":8,""alunni"":11,""stranieri_pct"":15},{""eta"":9,""alunni"":10},{""eta"":10,""alunni"":10},{""eta"":11,""alunni"":6},{""eta"":12,""alunni"":10},{""eta"":13,""alunni"":11,""stranieri_pct"":31.6},{""eta"":14,""alunni"":18},{""eta"":15,""alunni"":12},{""eta"":16,""alunni"":12},{""eta"":17,""alunni"":5},{""eta"":18,""alunni"":5}]";;"[106,107,108]"
"Bortigiadas";"bortigiadas";"interna";"40";"5.7";"[{""area"":""Europa"",""quota_pct"":92.5}]";"[{""paese"":""Romania"",""quota_pct"":35},{""paese"":""Germania"",""quota_pct"":20},{""paese"":""Belgio"",""quota_pct"":10},{""paese"":""Austria"",""quota_pct"":7.5},{""paese"":""Regno Unito"",""quota_pct"":7.5}]";;"77";"[{""ciclo"":""asilo_nido_0_2"",""etichetta"":""Asilo Nido (0-2 anni)"",""alunni"":6},{""ciclo"":""infanzia_3_5"",""etichetta"":""Scuola dell'Infanzia (3-5 anni)"",""alunni"":12},{""ciclo"":""primaria_6_10"",""etichetta"":""Scuola Primaria (6-10 anni)"",""alunni"":26},{""ciclo"":""secondaria_i_11_13"",""etichetta"":""Scuola Secondaria I Grado (11-13 anni)"",""alunni"":11},{""ciclo"":""secondaria_ii_14_18"",""etichetta"":""Scuola Secondaria II Grado (14-18 anni)"",""alunni"":22}]";"[{""eta"":0,""alunni"":0},{""eta"":1,""alunni"":3},{""eta"":2,""alunni"":3},{""eta"":3,""alunni"":6},{""eta"":4,""alunni"":3,""stranieri_pct"":50},{""eta"":5,""alunni"":3},{""eta"":6,""alunni"":5},{""eta"":7,""alunni"":5},{""eta"":8,""alunni"":4},{""eta"":9,""alunni"":5},{""eta"":10,""alunni"":7},{""eta"":11,""alunni"":3},{""eta"":12,""alunni"":4},{""eta"":13,""alunni"":4},{""eta"":14,""alunni"":8},{""eta"":15,""alunni"":5},{""eta"":16,""alunni"":6},{""eta"":17,""alunni"":3},{""eta"":18,""alunni"":4}]";"0 anni: 'assenza assoluta di nuovi nati'. Scuola secondaria II grado: totale ciclo 22 in tabella, ma le coorti 14-18 anni sommano a 26; il totale 0-18 (77) usa 22.";"[109,111,112]"
"Calangianus";"calangianus";"interna";"155";"4.2";"[{""area"":""Africa"",""quota_pct"":54.19},{""area"":""Europa"",""quota_pct"":35.48},{""area"":""America"",""quota_pct"":9.03},{""area"":""Asia"",""quota_pct"":1.29}]";"[{""paese"":""Marocco"",""quota_pct"":29.03},{""paese"":""Romania"",""quota_pct"":26.45},{""paese"":""Senegal"",""quota_pct"":12.26},{""paese"":""Argentina"",""quota_pct"":5.16}]";;"466";"[{""ciclo"":""asilo_nido_0_2"",""etichetta"":""Asilo Nido (0-2 anni)"",""alunni"":76},{""ciclo"":""infanzia_3_5"",""etichetta"":""Scuola dell'Infanzia (3-5 anni)"",""alunni"":61},{""ciclo"":""primaria_6_10"",""etichetta"":""Scuola Primaria (6-10 anni)"",""alunni"":138},{""ciclo"":""secondaria_i_11_13"",""etichetta"":""Scuola Secondaria I Grado (11-13 anni)"",""alunni"":66},{""ciclo"":""secondaria_ii_14_18"",""etichetta"":""Scuola Secondaria II Grado (14-18 anni)"",""alunni"":135}]";"[{""eta"":0,""alunni"":17,""stranieri_pct"":15.9},{""eta"":1,""alunni"":32,""stranieri_pct"":21.4},{""eta"":2,""alunni"":27},{""eta"":3,""alunni"":21},{""eta"":4,""alunni"":24,""stranieri_pct"":28.3},{""eta"":5,""alunni"":16},{""eta"":6,""alunni"":26},{""eta"":7,""alunni"":26},{""eta"":8,""alunni"":26},{""eta"":9,""alunni"":29},{""eta"":10,""alunni"":31},{""eta"":11,""alunni"":17},{""eta"":12,""alunni"":25},{""eta"":13,""alunni"":24,""stranieri_pct"":28.3},{""eta"":14,""alunni"":24},{""eta"":15,""alunni"":24},{""eta"":16,""alunni"":18},{""eta"":17,""alunni"":33},{""eta"":18,""alunni"":36}]";"La tabella (p.116) riporta TOTALE 476 e i cicli sommano a 476, ma il testo della scheda, il par. 1.5 e il par. 1.7.4 indicano 466; il totale dell'Unione (4.295) è coerente solo con 466. Qui si usa 466 (valore testuale) e si segnala la discrepanza.";"[114,116,117]"
"Luogosanto";"luogosanto";"interna";"101";"5.6";"[{""area"":""Europa"",""quota_pct"":66.34},{""area"":""Africa"",""quota_pct"":21.78},{""area"":""America"",""quota_pct"":10.89},{""area"":""Asia"",""quota_pct"":1}]";"[{""paese"":""Romania"",""quota_pct"":24.75},{""paese"":""Germania"",""quota_pct"":22.77},{""paese"":""Senegal"",""quota_pct"":12.87},{""paese"":""Marocco"",""quota_pct"":6.93}]";;"266";"[{""ciclo"":""asilo_nido_0_2"",""etichetta"":""Asilo Nido (0-2 anni)"",""alunni"":28},{""ciclo"":""infanzia_3_5"",""etichetta"":""Scuola dell'Infanzia (3-5 anni)"",""alunni"":27},{""ciclo"":""primaria_6_10"",""etichetta"":""Scuola Primaria (6-10 anni)"",""alunni"":63},{""ciclo"":""secondaria_i_11_13"",""etichetta"":""Scuola Secondaria I Grado (11-13 anni)"",""alunni"":46},{""ciclo"":""secondaria_ii_14_18"",""etichetta"":""Scuola Secondaria II Grado (14-18 anni)"",""alunni"":102}]";"[{""eta"":0,""alunni"":15},{""eta"":1,""alunni"":4},{""eta"":2,""alunni"":9},{""eta"":3,""alunni"":11},{""eta"":4,""alunni"":9,""stranieri_pct"":11.1},{""eta"":5,""alunni"":7},{""eta"":6,""alunni"":11},{""eta"":7,""alunni"":14},{""eta"":8,""alunni"":15},{""eta"":9,""alunni"":9},{""eta"":10,""alunni"":14},{""eta"":11,""alunni"":20},{""eta"":12,""alunni"":8},{""eta"":13,""alunni"":18},{""eta"":14,""alunni"":17},{""eta"":15,""alunni"":25,""stranieri_pct"":28},{""eta"":16,""alunni"":23},{""eta"":17,""alunni"":22,""stranieri_pct"":29.1},{""eta"":18,""alunni"":15}]";"0 anni: 15 ('indicatore di ripresa della vitalità riproduttiva').";"[118,121,122]"
"Luras";"luras";"interna";"96";"4.1";"[{""area"":""Europa"",""quota_pct"":79.17},{""area"":""Africa"",""quota_pct"":13.54},{""area"":""America"",""quota_pct"":5.21},{""area"":""Asia"",""quota_pct"":2.08}]";"[{""paese"":""Romania"",""quota_pct"":59.38},{""paese"":""Marocco"",""quota_pct"":10.42},{""paese"":""Polonia"",""quota_pct"":8.33}]";"Romania: 57 residenti.";"357";"[{""ciclo"":""asilo_nido_0_2"",""etichetta"":""Asilo Nido (0-2 anni)"",""alunni"":55},{""ciclo"":""infanzia_3_5"",""etichetta"":""Scuola dell'Infanzia (3-5 anni)"",""alunni"":49},{""ciclo"":""primaria_6_10"",""etichetta"":""Scuola Primaria (6-10 anni)"",""alunni"":77},{""ciclo"":""secondaria_i_11_13"",""etichetta"":""Scuola Secondaria I Grado (11-13 anni)"",""alunni"":56},{""ciclo"":""secondaria_ii_14_18"",""etichetta"":""Scuola Secondaria II Grado (14-18 anni)"",""alunni"":120}]";"[{""eta"":0,""alunni"":22},{""eta"":1,""alunni"":16},{""eta"":2,""alunni"":17,""stranieri_pct"":11.8},{""eta"":3,""alunni"":12},{""eta"":4,""alunni"":15},{""eta"":5,""alunni"":22},{""eta"":6,""alunni"":19,""stranieri_pct"":5.3},{""eta"":7,""alunni"":19},{""eta"":8,""alunni"":13},{""eta"":9,""alunni"":14},{""eta"":10,""alunni"":12},{""eta"":11,""alunni"":20,""stranieri_pct"":5},{""eta"":12,""alunni"":20},{""eta"":13,""alunni"":16},{""eta"":14,""alunni"":23},{""eta"":15,""alunni"":29},{""eta"":16,""alunni"":23},{""eta"":17,""alunni"":23},{""eta"":18,""alunni"":22}]";;"[124,126,127]"
"Santa Teresa Gallura";"santa-teresa-gallura";"costiera";"540";"10.6";"[{""area"":""Europa"",""quota_pct"":78.52},{""area"":""Africa"",""quota_pct"":10.74},{""area"":""Asia"",""quota_pct"":6.11},{""area"":""America"",""quota_pct"":4.44}]";"[{""paese"":""Romania"",""quota_pct"":53.33},{""paese"":""Ucraina"",""quota_pct"":5.74},{""paese"":""Germania"",""quota_pct"":4.26},{""paese"":""Cina"",""quota_pct"":3.33},{""paese"":""Senegal"",""quota_pct"":2.59},{""paese"":""Marocco"",""quota_pct"":2.22},{""paese"":""Brasile"",""quota_pct"":1.48}]";"Romania: 288 residenti.";"614";"[{""ciclo"":""asilo_nido_0_2"",""etichetta"":""Asilo Nido (0-2 anni)"",""alunni"":74},{""ciclo"":""infanzia_3_5"",""etichetta"":""Scuola dell'Infanzia (3-5 anni)"",""alunni"":76},{""ciclo"":""primaria_6_10"",""etichetta"":""Scuola Primaria (6-10 anni)"",""alunni"":166},{""ciclo"":""secondaria_i_11_13"",""etichetta"":""Scuola Secondaria I Grado (11-13 anni)"",""alunni"":103},{""ciclo"":""secondaria_ii_14_18"",""etichetta"":""Scuola Secondaria II Grado (14-18 anni)"",""alunni"":195}]";"[{""eta"":0,""alunni"":16,""stranieri_pct"":12.5},{""eta"":1,""alunni"":36},{""eta"":2,""alunni"":22,""stranieri_pct"":29.1},{""eta"":3,""alunni"":24},{""eta"":4,""alunni"":25,""stranieri_pct"":28},{""eta"":5,""alunni"":27},{""eta"":6,""alunni"":28},{""eta"":7,""alunni"":38,""stranieri_pct"":21.1},{""eta"":8,""alunni"":24},{""eta"":9,""alunni"":38},{""eta"":10,""alunni"":36},{""eta"":11,""alunni"":37},{""eta"":12,""alunni"":33},{""eta"":13,""alunni"":33},{""eta"":14,""alunni"":37},{""eta"":15,""alunni"":33},{""eta"":16,""alunni"":37},{""eta"":17,""alunni"":44},{""eta"":18,""alunni"":44,""stranieri_pct"":36.8}]";"Scuola primaria: totale ciclo 166 in tabella, ma le coorti 6-10 anni sommano a 164; il totale 0-18 (614) usa 166.";"[129,131,132]"
"Tempio Pausania";"tempio-pausania";"interna";"468";"3.6";"[{""area"":""Europa"",""quota_pct"":54.06},{""area"":""Africa"",""quota_pct"":24.36},{""area"":""America"",""quota_pct"":12.18},{""area"":""Asia"",""quota_pct"":9.4}]";"[{""paese"":""Romania"",""quota_pct"":33.12},{""paese"":""Argentina"",""quota_pct"":7.91},{""paese"":""Marocco"",""quota_pct"":7.91},{""paese"":""Senegal"",""quota_pct"":7.05},{""paese"":""Cina"",""quota_pct"":6.2}]";"Romania: 155 residenti.";"1649";"[{""ciclo"":""asilo_nido_0_2"",""etichetta"":""Asilo Nido (0-2 anni)"",""alunni"":122},{""ciclo"":""infanzia_3_5"",""etichetta"":""Scuola dell'Infanzia (3-5 anni)"",""alunni"":176},{""ciclo"":""primaria_6_10"",""etichetta"":""Scuola Primaria (6-10 anni)"",""alunni"":424},{""ciclo"":""secondaria_i_11_13"",""etichetta"":""Scuola Secondaria I Grado (11-13 anni)"",""alunni"":309},{""ciclo"":""secondaria_ii_14_18"",""etichetta"":""Scuola Secondaria II Grado (14-18 anni)"",""alunni"":618}]";"[{""eta"":0,""alunni"":11,""stranieri_pct"":12.2},{""eta"":1,""alunni"":43,""stranieri_pct"":37},{""eta"":2,""alunni"":68,""stranieri_pct"":34.4},{""eta"":3,""alunni"":64,""stranieri_pct"":46.3},{""eta"":4,""alunni"":51,""stranieri_pct"":35.9},{""eta"":5,""alunni"":61,""stranieri_pct"":34.9},{""eta"":6,""alunni"":76},{""eta"":7,""alunni"":99},{""eta"":8,""alunni"":78},{""eta"":9,""alunni"":93},{""eta"":10,""alunni"":78},{""eta"":11,""alunni"":90},{""eta"":12,""alunni"":98},{""eta"":13,""alunni"":121},{""eta"":14,""alunni"":122},{""eta"":15,""alunni"":100},{""eta"":16,""alunni"":113},{""eta"":17,""alunni"":144},{""eta"":18,""alunni"":139}]";;"[134,136,137]"
"Trinità d'Agultu e Vignola";"trinita-d-agultu-e-vignola";"costiera";"473";"18.8";"[{""area"":""Asia"",""quota_pct"":48.63},{""area"":""Africa"",""quota_pct"":25.79},{""area"":""Europa"",""quota_pct"":21.99},{""area"":""America"",""quota_pct"":3.38},{""area"":""Oceania"",""quota_pct"":0.21}]";"[{""paese"":""Pakistan"",""quota_pct"":34.88},{""paese"":""Bangladesh"",""quota_pct"":9.09},{""paese"":""Tunisia"",""quota_pct"":6.55},{""paese"":""Federazione Russa"",""quota_pct"":6.13},{""paese"":""Senegal"",""quota_pct"":4.02},{""paese"":""Romania"",""quota_pct"":4.02}]";"Pakistan: 165 residenti. Tra gli stranieri 382 maschi e 91 femmine; sul totale dei residenti 55,0% maschi e 45,0% femmine. Incidenza stranieri più alta dell'Unione.";"247";"[{""ciclo"":""asilo_nido_0_2"",""etichetta"":""Asilo Nido (0-2 anni)"",""alunni"":35},{""ciclo"":""infanzia_3_5"",""etichetta"":""Scuola dell'Infanzia (3-5 anni)"",""alunni"":31},{""ciclo"":""primaria_6_10"",""etichetta"":""Scuola Primaria (6-10 anni)"",""alunni"":53},{""ciclo"":""secondaria_i_11_13"",""etichetta"":""Scuola Secondaria I Grado (11-13 anni)"",""alunni"":47},{""ciclo"":""secondaria_ii_14_18"",""etichetta"":""Scuola Secondaria II Grado (14-18 anni)"",""alunni"":81}]";"[{""eta"":0,""alunni"":14,""stranieri_pct"":28.6},{""eta"":1,""alunni"":12,""stranieri_pct"":18.3},{""eta"":2,""alunni"":9},{""eta"":3,""alunni"":6},{""eta"":4,""alunni"":11,""stranieri_pct"":27.3},{""eta"":5,""alunni"":14,""stranieri_pct"":28.6},{""eta"":6,""alunni"":11},{""eta"":7,""alunni"":5},{""eta"":8,""alunni"":9},{""eta"":9,""alunni"":10},{""eta"":10,""alunni"":18,""stranieri_pct"":22.2},{""eta"":11,""alunni"":16},{""eta"":12,""alunni"":11,""stranieri_pct"":18.2},{""eta"":13,""alunni"":20},{""eta"":14,""alunni"":14},{""eta"":15,""alunni"":14},{""eta"":16,""alunni"":18},{""eta"":17,""alunni"":18},{""eta"":18,""alunni"":17}]";;"[139,141,142]"
"Viddalba";"viddalba";"interna";"56";"3.5";"[{""area"":""Europa"",""quota_pct"":80.36}]";"[{""paese"":""Romania"",""quota_pct"":42.86},{""paese"":""Slovacchia"",""quota_pct"":7.14},{""paese"":""Marocco"",""quota_pct"":7.14},{""paese"":""Francia"",""quota_pct"":5.36},{""paese"":""Repubblica Ceca"",""quota_pct"":5.36},{""paese"":""Cuba"",""quota_pct"":5.36}]";"Romania: 24 residenti.";"206";"[{""ciclo"":""asilo_nido_0_2"",""etichetta"":""Asilo Nido (0-2 anni)"",""alunni"":37},{""ciclo"":""infanzia_3_5"",""etichetta"":""Scuola dell'Infanzia (3-5 anni)"",""alunni"":22},{""ciclo"":""primaria_6_10"",""etichetta"":""Scuola Primaria (6-10 anni)"",""alunni"":48},{""ciclo"":""secondaria_i_11_13"",""etichetta"":""Scuola Secondaria I Grado (11-13 anni)"",""alunni"":32},{""ciclo"":""secondaria_ii_14_18"",""etichetta"":""Scuola Secondaria II Grado (14-18 anni)"",""alunni"":67}]";"[{""eta"":0,""alunni"":12},{""eta"":1,""alunni"":15,""stranieri_pct"":13.3},{""eta"":2,""alunni"":10,""stranieri_pct"":20},{""eta"":3,""alunni"":6},{""eta"":4,""alunni"":8},{""eta"":5,""alunni"":8},{""eta"":6,""alunni"":14,""stranieri_pct"":7.1},{""eta"":7,""alunni"":7},{""eta"":8,""alunni"":9},{""eta"":9,""alunni"":13,""stranieri_pct"":15.4},{""eta"":10,""alunni"":5},{""eta"":11,""alunni"":7},{""eta"":12,""alunni"":13,""stranieri_pct"":7.7},{""eta"":13,""alunni"":12},{""eta"":14,""alunni"":16,""stranieri_pct"":12.5},{""eta"":15,""alunni"":9},{""eta"":16,""alunni"":10},{""eta"":17,""alunni"":20},{""eta"":18,""alunni"":12}]";;"[143,146,147]"
"TOTALE ALTA GALLURA";"totale-alta-gallura";"unione";"2151";"6.1";"[]";"[]";"Costa: 1.213 stranieri (11,4%); entroterra: 938 (3,8%) (par. 1.7.3).";"4295";"[]";"[]";"Tempio Pausania = 38,4% del bacino; entroterra 3.118 (72,6%) e costa 1.177 secondo Tab. 1c, ma la somma delle schede dà 3.128 / 1.167.";"[24,26,27]"