"slug";"comune";"in_alta_gallura";"fascia";"in_sughereta_30";"rank_sughereta";"sugherete_ha_sughereta";"url_alta_gallura";"url_sughereta"
"abbasanta";"Abbasanta";"false";;"true";"22";"1767.81";;"/sughero-sardegna/comuni/abbasanta"
"aggius";"Aggius";"true";"interna";"false";;;"/alta-gallura/comuni/aggius";
"aglientu";"Aglientu";"true";"costiera";"false";;;"/alta-gallura/comuni/aglientu";
"aidomaggiore";"Aidomaggiore";"false";;"true";"27";"1442.56";;"/sughero-sardegna/comuni/aidomaggiore"
"ala-dei-sardi";"Ala' Dei Sardi";"false";;"true";"7";"4132.02";;"/sughero-sardegna/comuni/ala-dei-sardi"
"ardara";"Ardara";"false";;"true";"28";"1413.35";;"/sughero-sardegna/comuni/ardara"
"badesi";"Badesi";"true";"costiera";"false";;;"/alta-gallura/comuni/badesi";
"benetutti";"Benetutti";"false";;"true";"21";"1822.49";;"/sughero-sardegna/comuni/benetutti"
"berchidda";"Berchidda";"false";;"true";"2";"5480";;"/sughero-sardegna/comuni/berchidda"
"bitti";"Bitti";"false";;"true";"1";"5801.29";;"/sughero-sardegna/comuni/bitti"
"bono";"Bono";"false";;"true";"26";"1462.03";;"/sughero-sardegna/comuni/bono"
"bortigiadas";"Bortigiadas";"true";"interna";"false";;;"/alta-gallura/comuni/bortigiadas";
"budduso";"Budduso'";"false";;"true";"4";"5185.05";;"/sughero-sardegna/comuni/budduso"
"bultei";"Bultei";"false";;"true";"30";"1342.27";;"/sughero-sardegna/comuni/bultei"
"calangianus";"Calangianus";"true";"interna";"true";"13";"2422.54";"/alta-gallura/comuni/calangianus";"/sughero-sardegna/comuni/calangianus"
"chiaramonti";"Chiaramonti";"false";;"true";"15";"2359.32";;"/sughero-sardegna/comuni/chiaramonti"
"iglesias";"Iglesias";"false";;"true";"29";"1372.51";;"/sughero-sardegna/comuni/iglesias"
"illorai";"Illorai";"false";;"true";"17";"2070.5";;"/sughero-sardegna/comuni/illorai"
"luogosanto";"Luogosanto";"true";"interna";"false";;;"/alta-gallura/comuni/luogosanto";
"luras";"Luras";"true";"interna";"false";;;"/alta-gallura/comuni/luras";
"monti";"Monti";"false";;"true";"24";"1637.71";;"/sughero-sardegna/comuni/monti"
"mores";"Mores";"false";;"true";"14";"2362.69";;"/sughero-sardegna/comuni/mores"
"nuoro";"Nuoro";"false";;"true";"5";"4413.55";;"/sughero-sardegna/comuni/nuoro"
"olbia";"Olbia";"false";;"true";"18";"1971.52";;"/sughero-sardegna/comuni/olbia"
"oliena";"Oliena";"false";;"true";"19";"1944.06";;"/sughero-sardegna/comuni/oliena"
"orani";"Orani";"false";;"true";"10";"3376.52";;"/sughero-sardegna/comuni/orani"
"orune";"Orune";"false";;"true";"6";"4201.12";;"/sughero-sardegna/comuni/orune"
"oschiri";"Oschiri";"false";;"true";"3";"5434.73";;"/sughero-sardegna/comuni/oschiri"
"ozieri";"Ozieri";"false";;"true";"9";"3513.27";;"/sughero-sardegna/comuni/ozieri"
"padru";"Padru";"false";;"true";"16";"2265.4";;"/sughero-sardegna/comuni/padru"
"pattada";"Pattada";"false";;"true";"23";"1761.94";;"/sughero-sardegna/comuni/pattada"
"ploaghe";"Ploaghe";"false";;"true";"25";"1561.48";;"/sughero-sardegna/comuni/ploaghe"
"pozzomaggiore";"Pozzomaggiore";"false";;"true";"20";"1837.12";;"/sughero-sardegna/comuni/pozzomaggiore"
"santa-teresa-gallura";"Santa Teresa Gallura";"true";"costiera";"false";;;"/alta-gallura/comuni/santa-teresa-gallura";
"telti";"Telti";"false";;"true";"12";"2826.09";;"/sughero-sardegna/comuni/telti"
"tempio-pausania";"Tempio Pausania";"true";"interna";"true";"11";"2945.38";"/alta-gallura/comuni/tempio-pausania";"/sughero-sardegna/comuni/tempio-pausania"
"trinita-d-agultu-e-vignola";"Trinità d'Agultu e Vignola";"true";"costiera";"false";;;"/alta-gallura/comuni/trinita-d-agultu-e-vignola";
"viddalba";"Viddalba";"true";"interna";"false";;;"/alta-gallura/comuni/viddalba";
"villanova-monteleone";"Villanova Monteleone";"false";;"true";"8";"3664.58";;"/sughero-sardegna/comuni/villanova-monteleone"