comune,slug,unita_pedologica,rango,superficie_ha,incidenza_pct,pagina_pdf
Aggius,aggius,C2,1,4732,56.7,156
Aggius,aggius,C1,2,1941,23.3,156
Aggius,aggius,B2,3,1565,18.8,156
Aggius,aggius,B3,4,82,1.0,156
Aglientu,aglientu,C2,1,10902,73.5,158
Aglientu,aglientu,C1,2,2550,17.2,158
Aglientu,aglientu,M1,3,564,3.8,158
Aglientu,aglientu,I1,4,425,2.9,158
Aglientu,aglientu,L1,5,368,2.5,158
Badesi,badesi,M1,1,1538,50.1,160
Badesi,badesi,C2,2,1202,39.1,160
Badesi,badesi,L1,3,260,8.5,160
Badesi,badesi,L2,4,70,2.3,160
Bortigiadas,bortigiadas,C1,1,4430,58.1,161
Bortigiadas,bortigiadas,C2,2,1971,25.8,161
Bortigiadas,bortigiadas,I1,3,426,5.6,161
Bortigiadas,bortigiadas,G1,4,356,4.7,161
Bortigiadas,bortigiadas,B1,5,161,2.1,161
Calangianus,calangianus,C1,1,8076,63.8,162
Calangianus,calangianus,C2,2,3471,27.4,162
Calangianus,calangianus,C5,3,710,5.6,162
Calangianus,calangianus,C3,4,351,2.8,162
Luogosanto,luogosanto,C2,1,11359,84.1,164
Luogosanto,luogosanto,C1,2,1982,14.7,164
Luogosanto,luogosanto,B2,3,79,0.6,164
Luogosanto,luogosanto,L1,4,72,0.5,164
Luras,luras,C2,1,6590,75.3,165
Luras,luras,C1,2,1089,12.5,165
Luras,luras,B2,3,622,7.1,165
Luras,luras,C3,4,358,4.1,165
Luras,luras,L1,5,59,0.7,165
Santa Teresa Gallura,santa-teresa-gallura,C2,1,5656,55.6,167
Santa Teresa Gallura,santa-teresa-gallura,C1,2,3513,34.5,167
Santa Teresa Gallura,santa-teresa-gallura,B2,3,331,3.3,167
Santa Teresa Gallura,santa-teresa-gallura,M1,4,282,2.8,167
Santa Teresa Gallura,santa-teresa-gallura,L1,5,139,1.4,167
Tempio Pausania,tempio-pausania,C2,1,11026,51.9,168
Tempio Pausania,tempio-pausania,C1,2,6546,30.8,168
Tempio Pausania,tempio-pausania,C5,3,1447,6.8,168
Tempio Pausania,tempio-pausania,C3,4,1275,6.0,168
Tempio Pausania,tempio-pausania,B2,5,502,2.4,168
Trinità d'Agultu e Vignola,trinita-d-agultu-e-vignola,C2,1,6397,46.7,169
Trinità d'Agultu e Vignola,trinita-d-agultu-e-vignola,C1,2,4477,32.7,169
Trinità d'Agultu e Vignola,trinita-d-agultu-e-vignola,B2,3,1016,7.4,169
Trinità d'Agultu e Vignola,trinita-d-agultu-e-vignola,I1,4,903,6.6,169
Trinità d'Agultu e Vignola,trinita-d-agultu-e-vignola,M1,5,660,4.8,169
Viddalba,viddalba,C2,1,2329,47.1,171
Viddalba,viddalba,B2,2,1129,22.8,171
Viddalba,viddalba,C1,3,626,12.6,171
Viddalba,viddalba,M1,4,418,8.5,171
Viddalba,viddalba,L1,5,203,4.1,171
