comune,slug,fascia,abitanti_2001,abitanti_2011,abitanti_2023,abitanti_2025,var_ass_2001_2011,var_ass_2011_2023,var_ass_2001_2023,var_pct_2001_2023
Aggius,aggius,interna,1685,1606,1411,1403,-79,-195,-274,-16.26
Aglientu,aglientu,costiera,1093,1166,1177,1195,73,11,84,7.69
Badesi,badesi,costiera,1843,1895,1838,1832,52,-57,-5,-0.27
Bortigiadas,bortigiadas,interna,891,796,709,700,-95,-87,-182,-20.43
Calangianus,calangianus,interna,4635,4257,3785,3726,-378,-472,-850,-18.34
Luogosanto,luogosanto,interna,1825,1899,1802,1815,74,-97,-23,-1.26
Luras,luras,interna,2655,2649,2375,2368,-6,-274,-280,-10.55
Santa Teresa Gallura,santa-teresa-gallura,costiera,4343,5018,5044,5078,675,26,701,16.14
Tempio Pausania,tempio-pausania,interna,13982,13936,13133,13036,-46,-803,-849,-6.07
Trinità d'Agultu e Vignola,trinita-d-agultu-e-vignola,costiera,2029,2155,2351,2511,126,196,322,15.87
Viddalba,viddalba,interna,1713,1688,1595,1578,-25,-93,-118,-6.89
TOTALE ALTA GALLURA,totale-alta-gallura,unione,36694,37065,35220,35242,371,-1845,-1474,-4.02
Fascia costiera (4 Comuni),fascia-costiera,costiera,9308,10234,10410,10616,926,176,1102,
Entroterra (7 Comuni),fascia-interna,interna,27386,26831,24810,24626,-555,-2021,-2576,
