comune,slug,vocazione_sughericola,interesse_suinicolo_agroforestale,fragilita_pedologica,priorita_approfondimento
Aggius,aggius,Medio-alta,"Medio, solo pilota",Alta,Alta
Aglientu,aglientu,Medio-bassa,Medio prudenziale,Medio-alta,Media
Badesi,badesi,Bassa,Medio-bassa,Media,Media
Bortigiadas,bortigiadas,Medio-bassa,Bassa/localizzata,Alta,Media
Calangianus,calangianus,Alta,Basso-medio controllato,Alta,Molto alta
Luogosanto,luogosanto,Media,Medio-alta da verificare,Medio-alta,Alta
Luras,luras,Medio-alta,Media,Medio-alta,Alta
Santa Teresa Gallura,santa-teresa-gallura,Bassa,Basso-medio,Medio-alta,"Media, soprattutto commerciale"
Tempio Pausania,tempio-pausania,Alta,Medio-alta da verificare,Medio-alta,Molto alta
Trinità d'Agultu e Vignola,trinita-d-agultu-e-vignola,Medio-bassa,Medio prudenziale,Medio-alta,Media
Viddalba,viddalba,Bassa,Medio-bassa,Media,Media
