comune,slug,fascia,anno,classe_0_14,classe_15_64,classe_65_piu,totale,quota_0_14_pct,quota_15_64_pct,quota_65_piu_pct,indice_vecchiaia,indice_dipendenza,eta_media
Aggius,aggius,interna,2002,207,1105,373,1685,12.3,65.6,22.1,180.2,52.5,44.1
Aggius,aggius,interna,2011,191,1072,368,1631,,,,192.7,52.1,45.4
Aggius,aggius,interna,2023,127,852,432,1411,,,,340.2,,
Aggius,aggius,interna,2025,130,839,434,1403,9.3,59.8,30.9,333.8,67.2,50.2
Aglientu,aglientu,costiera,2002,117,685,291,1093,10.7,62.7,26.6,248.7,59.6,47.3
Aglientu,aglientu,costiera,2011,102,777,334,1213,,,,327.5,56.1,49.7
Aglientu,aglientu,costiera,2023,103,696,369,1168,,,,,,
Aglientu,aglientu,costiera,2025,113,705,377,1195,9.5,59.0,31.5,333.6,69.5,52.0
Badesi,badesi,costiera,2002,265,1202,376,1843,14.4,65.2,20.4,141.9,53.3,42.5
Badesi,badesi,costiera,2011,215,1253,441,1909,,,,205.1,52.4,45.5
Badesi,badesi,costiera,2023,190,1145,487,1822,,,,,,
Badesi,badesi,costiera,2025,180,1141,511,1832,9.8,62.3,27.9,283.9,60.6,49.5
Bortigiadas,bortigiadas,interna,2002,97,531,263,891,,,,271.1,67.8,48.5
Bortigiadas,bortigiadas,interna,2011,66,476,262,804,,,,366.2,,49.9
Bortigiadas,bortigiadas,interna,2023,78,404,232,714,,,,,,
Bortigiadas,bortigiadas,interna,2025,69,395,236,700,9.9,56.4,33.7,342.0,77.2,52.6
Calangianus,calangianus,interna,2002,657,3159,819,4635,14.2,68.2,17.7,124.7,46.7,41.2
Calangianus,calangianus,interna,2011,483,2938,916,4337,,,,189.6,,44.3
Calangianus,calangianus,interna,2023,347,2377,1091,3815,,,,,,
Calangianus,calangianus,interna,2025,342,2282,1102,3726,9.2,61.2,29.6,322.2,63.3,50.1
Luogosanto,luogosanto,interna,2002,231,1204,390,1825,12.7,66.0,21.4,168.8,51.6,43.8
Luogosanto,luogosanto,interna,2011,257,1212,433,1902,,,,168.5,56.9,45.0
Luogosanto,luogosanto,interna,2023,220,1136,469,1825,,,,,,
Luogosanto,luogosanto,interna,2025,181,1151,483,1815,10.0,63.4,26.6,266.9,57.7,48.8
Luras,luras,interna,2002,373,1818,464,2655,14.0,68.5,17.5,124.4,46.0,40.9
Luras,luras,interna,2011,359,1808,553,2720,,,,153.6,,
Luras,luras,interna,2023,278,1559,592,2429,,,,,,
Luras,luras,interna,2025,255,1525,588,2368,10.8,64.4,24.8,230.6,55.3,47.5
Santa Teresa Gallura,santa-teresa-gallura,costiera,2002,522,3050,771,4343,12.0,70.2,17.8,147.7,42.4,42.8
Santa Teresa Gallura,santa-teresa-gallura,costiera,2011,584,3582,1059,5225,,,,181.3,45.9,45.0
Santa Teresa Gallura,santa-teresa-gallura,costiera,2023,470,3213,1353,5036,,,,,,
Santa Teresa Gallura,santa-teresa-gallura,costiera,2025,454,3193,1431,5078,8.9,62.9,28.2,315.2,59.0,49.9
Tempio Pausania,tempio-pausania,interna,2002,1921,9741,2320,13982,13.7,69.7,16.6,120.8,43.5,40.9
Tempio Pausania,tempio-pausania,interna,2011,1791,9653,2846,14290,,,,158.9,48.0,43.8
Tempio Pausania,tempio-pausania,interna,2023,1288,8523,3427,13238,,,,,,
Tempio Pausania,tempio-pausania,interna,2025,1188,8317,3531,13036,9.1,63.8,27.1,297.2,56.7,49.6
Trinità d'Agultu e Vignola,trinita-d-agultu-e-vignola,costiera,2002,270,1393,366,2029,,,,135.6,,
Trinità d'Agultu e Vignola,trinita-d-agultu-e-vignola,costiera,2011,233,1463,461,2157,,,,,,
Trinità d'Agultu e Vignola,trinita-d-agultu-e-vignola,costiera,2023,196,1431,612,2239,,,,357.1,55.6,49.5
Trinità d'Agultu e Vignola,trinita-d-agultu-e-vignola,costiera,2025,180,1668,663,2511,7.2,66.4,26.4,368.3,50.5,48.2
Viddalba,viddalba,interna,2002,233,1173,307,1713,13.6,68.5,17.9,131.8,46.0,41.4
Viddalba,viddalba,interna,2011,198,1121,389,1708,,,,196.5,52.4,44.9
Viddalba,viddalba,interna,2023,143,1022,431,1596,,,,,,
Viddalba,viddalba,interna,2025,155,988,435,1578,9.8,62.6,27.6,280.6,59.7,49.4
TOTALE ALTA GALLURA,totale-alta-gallura,unione,2025,3247,22204,9791,35242,9.21,63.0,27.78,301.54,58.72,49.6
